redsecuritycheckscount,redsecurityresourcescount,yellowsecuritycheckscount,yellowsecurityresourcescount,redfaulttolerancecheckscount,redfaulttoleranceresourcescount,yellowfaulttolerancecheckscount,yellowfaulttoleranceresourcescount,redperformancecheckscount,redperformanceresourcescount,yellowperformancecheckscount,yellowperformanceresourcescount,redcostoptimizingcheckscount,redcostoptimizingresourcescount,yellowcostoptimizingcheckscount,yellowcostoptimizingresourcescount,pdnresourcessize,cluster
0.1111111111111111,0.043478260869565216,0.047619047619047616,0.0022189349112426036,0.0,0.0,0.0,0.0,0.0,0.0,0.0,0.0,0.0,0.0,0.0,0.0,0.21273917421953675,0
0.1111111111111111,0.014492753623188406,0.09523809523809523,0.0007396449704142012,0.0,0.0,0.25,0.009259259259259259,0.0,0.0,0.0,0.0,0.0,0.0,0.0,0.0,0.1200906344410876,0
0.1111111111111111,0.028985507246376812,0.09523809523809523,0.0029585798816568047,0.0,0.0,0.25,0.018518518518518517,0.0,0.0,0.0,0.0,0.0,0.0,0.0,0.0,0.19587109768378652,0
0.1111111111111111,0.014492753623188406,0.047619047619047616,0.0007396449704142012,0.0,0.0,0.0,0.0,0.0,0.0,0.0,0.0,0.0,0.0,0.0,0.0,0.1200906344410876,0
0.2222222222222222,0.2028985507246377,0.2857142857142857,0.038461538461538464,0.5,0.717948717948718,0.75,0.009259259259259259,0.0,0.0,0.0,0.0,0.0,0.0,0.0,0.0,0.5485901309164148,1
0.1111111111111111,0.014492753623188406,0.047619047619047616,0.0007396449704142012,0.0,0.0,0.0,0.0,0.0,0.0,0.0,0.0,0.0,0.0,0.0,0.0,0.07578046324269888,0
0.1111111111111111,0.014492753623188406,0.047619047619047616,0.0007396449704142012,0.5,0.01282051282051282,0.0,0.0,0.0,0.0,0.0,0.0,0.0,0.0,0.0,0.0,0.07578046324269888,-1
0.1111111111111111,0.014492753623188406,0.047619047619047616,0.0007396449704142012,0.0,0.0,0.25,0.009259259259259259,0.0,0.0,0.0,0.0,0.0,0.0,0.0,0.0,0.07578046324269888,0
0.1111111111111111,0.028985507246376812,0.047619047619047616,0.0014792899408284023,0.0,0.0,0.0,0.0,0.0,0.0,0.0,0.0,0.0,0.0,0.0,0.0,0.1200906344410876,0
0.1111111111111111,0.028985507246376812,0.047619047619047616,0.0014792899408284023,0.0,0.0,0.0,0.0,0.0,0.0,0.0,0.0,0.0,0.0,0.0,0.0,0.1200906344410876,0
0.1111111111111111,0.014492753623188406,0.047619047619047616,0.0007396449704142012,0.0,0.0,0.0,0.0,0.0,0.0,0.0,0.0,0.0,0.0,0.0,0.0,0.25176233635448136,0
0.0,0.0,0.047619047619047616,0.0029585798816568047,0.5,0.02564102564102564,0.5,0.018518518518518517,0.0,0.0,0.0,0.0,0.0,0.0,0.0,0.0,0.3159617321248741,1
0.1111111111111111,0.028985507246376812,0.09523809523809523,0.0022189349112426036,0.0,0.0,0.5,0.027777777777777776,0.0,0.0,0.0,0.0,0.0,0.0,0.0,0.0,0.3031218529707955,0
0.1111111111111111,0.014492753623188406,0.047619047619047616,0.0007396449704142012,0.0,0.0,0.25,0.009259259259259259,0.0,0.0,0.0,0.0,0.0,0.0,0.0,0.0,0.25176233635448136,0
0.1111111111111111,0.014492753623188406,0.047619047619047616,0.0007396449704142012,0.0,0.0,0.0,0.0,0.0,0.0,0.0,0.0,0.0,0.0,0.0,0.0,0.25176233635448136,0
0.0,0.0,0.09523809523809523,0.0022189349112426036,1.0,0.10256410256410256,0.25,0.009259259259259259,0.0,0.0,0.0,0.0,0.0,0.0,0.0,0.0,0.41112789526686805,-1
0.2222222222222222,0.057971014492753624,0.047619047619047616,0.0007396449704142012,0.0,0.0,0.0,0.0,0.0,0.0,0.0,0.0,0.0,0.0,0.0,0.0,0.3977844914400806,0
0.1111111111111111,0.014492753623188406,0.09523809523809523,0.0014792899408284023,0.0,0.0,0.0,0.0,0.0,0.0,0.0,0.0,0.0,0.0,0.0,0.0,0.25176233635448136,0
0.0,0.0,0.047619047619047616,0.0029585798816568047,0.5,0.07692307692307693,0.5,0.018518518518518517,0.0,0.0,0.0,0.0,0.0,0.0,0.0,0.0,0.35624370594159116,1
0.1111111111111111,0.028985507246376812,0.09523809523809523,0.0022189349112426036,0.0,0.0,0.25,0.009259259259259259,0.0,0.0,0.0,0.0,0.0,0.0,0.0,0.0,0.2716515609264854,0
0.0,0.0,0.09523809523809523,0.0022189349112426036,0.5,0.05128205128205128,0.5,0.027777777777777776,0.0,0.0,0.0,0.0,0.0,0.0,0.0,0.0,0.371852970795569,1
0.2222222222222222,0.028985507246376812,0.14285714285714285,0.0029585798816568047,0.0,0.0,0.25,0.018518518518518517,0.0,0.0,0.6666666666666666,0.05,0.0,0.0,0.0,0.0,0.30966767371601206,2
0.2222222222222222,0.11594202898550725,0.14285714285714285,0.0073964497041420114,0.0,0.0,0.5,0.027777777777777776,0.0,0.0,0.6666666666666666,0.05,0.0,0.0,0.0,0.0,0.46299093655589124,2
0.2222222222222222,0.028985507246376812,0.09523809523809523,0.0014792899408284023,0.0,0.0,0.0,0.0,0.0,0.0,0.0,0.0,0.0,0.0,0.0,0.0,0.2716515609264854,0
0.2222222222222222,0.028985507246376812,0.09523809523809523,0.0014792899408284023,0.0,0.0,0.25,0.009259259259259259,0.0,0.0,0.0,0.0,0.0,0.0,0.0,0.0,0.29607250755287007,0
0.1111111111111111,0.043478260869565216,0.047619047619047616,0.0007396449704142012,0.0,0.0,0.25,0.009259259259259259,0.0,0.0,0.0,0.0,0.0,0.0,0.0,0.0,0.3328298086606244,0
0.1111111111111111,0.014492753623188406,0.19047619047619047,0.0029585798816568047,0.0,0.0,0.25,0.018518518518518517,0.0,0.0,0.3333333333333333,0.025,0.0,0.0,0.0,0.0,0.25176233635448136,3
0.2222222222222222,0.028985507246376812,0.19047619047619047,0.0036982248520710057,0.0,0.0,0.25,0.018518518518518517,0.0,0.0,0.3333333333333333,0.025,0.0,0.0,0.0,0.0,0.30966767371601206,3
0.2222222222222222,0.08695652173913043,0.2857142857142857,0.008875739644970414,0.0,0.0,0.25,0.037037037037037035,0.0,0.0,0.6666666666666666,0.05,0.0,0.0,0.0,0.0,0.39174219536757304,2
0.2222222222222222,0.028985507246376812,0.19047619047619047,0.0022189349112426036,0.0,0.0,0.25,0.009259259259259259,0.0,0.0,0.0,0.0,0.0,0.0,0.0,0.0,0.28851963746223563,0
0.0,0.0,0.047619047619047616,0.0014792899408284023,0.5,0.05128205128205128,0.5,0.027777777777777776,0.0,0.0,0.0,0.0,0.0,0.0,0.0,0.0,0.35624370594159116,1
0.2222222222222222,0.057971014492753624,0.14285714285714285,0.004437869822485207,0.0,0.0,0.25,0.018518518518518517,0.0,0.0,0.3333333333333333,0.025,0.0,0.0,0.0,0.0,0.37537764350453173,3
0.0,0.0,0.14285714285714285,0.0022189349112426036,0.5,0.07692307692307693,0.5,0.027777777777777776,0.0,0.0,0.0,0.0,0.0,0.0,0.0,0.0,0.371852970795569,1
0.2222222222222222,0.11594202898550725,0.19047619047619047,0.008136094674556213,0.0,0.0,0.25,0.018518518518518517,0.0,0.0,0.6666666666666666,0.05,0.0,0.0,0.0,0.0,0.4209466263846928,2
0.0,0.0,0.0,0.0,0.0,0.0,0.0,0.0,0.0,0.0,0.0,0.0,0.0,0.0,0.0,0.0,0.1200906344410876,0
0.0,0.0,0.0,0.0,0.0,0.0,0.0,0.0,0.0,0.0,0.0,0.0,0.0,0.0,0.0,0.0,0.1200906344410876,0
0.0,0.0,0.0,0.0,0.0,0.0,0.0,0.0,0.0,0.0,0.0,0.0,0.0,0.0,0.0,0.0,0.1200906344410876,0
0.0,0.0,0.0,0.0,0.0,0.0,0.0,0.0,0.0,0.0,0.0,0.0,0.0,0.0,0.0,0.0,0.1200906344410876,0
0.0,0.0,0.0,0.0,0.0,0.0,0.0,0.0,0.0,0.0,0.0,0.0,0.0,0.0,0.0,0.0,0.1200906344410876,0
0.0,0.0,0.0,0.0,0.0,0.0,0.0,0.0,0.0,0.0,0.0,0.0,0.0,0.0,0.0,0.0,0.1200906344410876,0
0.0,0.0,0.0,0.0,0.0,0.0,0.0,0.0,0.0,0.0,0.0,0.0,0.0,0.0,0.0,0.0,0.1200906344410876,0
0.0,0.0,0.0,0.0,0.0,0.0,0.0,0.0,0.0,0.0,0.0,0.0,0.0,0.0,0.0,0.0,0.1200906344410876,0
0.0,0.0,0.0,0.0,0.0,0.0,0.0,0.0,0.0,0.0,0.0,0.0,0.0,0.0,0.0,0.0,0.1200906344410876,0
0.0,0.0,0.0,0.0,0.0,0.0,0.0,0.0,0.0,0.0,0.0,0.0,0.0,0.0,0.0,0.0,0.1200906344410876,0
0.0,0.0,0.0,0.0,0.0,0.0,0.0,0.0,0.0,0.0,0.0,0.0,0.0,0.0,0.0,0.0,0.1200906344410876,0
0.0,0.0,0.0,0.0,0.0,0.0,0.0,0.0,0.0,0.0,0.0,0.0,0.0,0.0,0.0,0.0,0.1200906344410876,0
0.0,0.0,0.0,0.0,0.0,0.0,0.0,0.0,0.0,0.0,0.0,0.0,0.0,0.0,0.0,0.0,0.1200906344410876,0
0.0,0.0,0.0,0.0,0.0,0.0,0.0,0.0,0.0,0.0,0.0,0.0,0.0,0.0,0.0,0.0,0.15156092648539776,0
0.0,0.0,0.0,0.0,0.0,0.0,0.0,0.0,0.0,0.0,0.0,0.0,0.0,0.0,0.0,0.0,0.19587109768378652,0
0.0,0.0,0.0,0.0,0.0,0.0,0.0,0.0,0.0,0.0,0.0,0.0,0.0,0.0,0.0,0.0,0.15156092648539776,0
0.0,0.0,0.0,0.0,0.0,0.0,0.0,0.0,0.0,0.0,0.0,0.0,0.0,0.0,0.0,0.0,0.36430010070493457,0
0.0,0.0,0.0,0.0,0.0,0.0,0.0,0.0,0.0,0.0,0.0,0.0,0.0,0.0,0.0,0.0,0.17598187311178246,0
0.0,0.0,0.0,0.0,0.0,0.0,0.0,0.0,0.0,0.0,0.0,0.0,0.0,0.0,0.0,0.0,0.15156092648539776,0
0.0,0.0,0.0,0.0,0.0,0.0,0.0,0.0,0.0,0.0,0.0,0.0,0.0,0.0,0.0,0.0,0.35624370594159116,0
0.0,0.0,0.0,0.0,0.0,0.0,0.0,0.0,0.0,0.0,0.0,0.0,0.0,0.0,0.0,0.0,0.3031218529707955,0
0.0,0.0,0.0,0.0,0.0,0.0,0.0,0.0,0.0,0.0,0.0,0.0,0.0,0.0,0.0,0.0,0.19587109768378652,0
0.0,0.0,0.0,0.0,0.0,0.0,0.0,0.0,0.0,0.0,0.0,0.0,0.0,0.0,0.0,0.0,0.30966767371601206,0
0.0,0.0,0.0,0.0,0.0,0.0,0.0,0.0,0.0,0.0,0.0,0.0,0.0,0.0,0.0,0.0,0.22734138972809667,0
0.0,0.0,0.0,0.0,0.0,0.0,0.0,0.0,0.0,0.0,0.0,0.0,0.0,0.0,0.0,0.0,0.15156092648539776,0
0.0,0.0,0.0,0.0,0.0,0.0,0.0,0.0,0.0,0.0,0.0,0.0,0.0,0.0,0.0,0.0,0.19587109768378652,0
0.0,0.0,0.0,0.0,0.0,0.0,0.0,0.0,0.0,0.0,0.0,0.0,0.0,0.0,0.0,0.0,0.15156092648539776,0
0.0,0.0,0.0,0.0,0.0,0.0,0.0,0.0,0.0,0.0,0.0,0.0,0.0,0.0,0.0,0.0,0.19587109768378652,0
0.0,0.0,0.0,0.0,0.0,0.0,0.0,0.0,0.0,0.0,0.0,0.0,0.0,0.0,0.0,0.0,0.32200402819738166,0
0.0,0.0,0.0,0.0,0.0,0.0,0.0,0.0,0.0,0.0,0.0,0.0,0.0,0.0,0.0,0.0,0.25176233635448136,0
0.0,0.0,0.0,0.0,0.0,0.0,0.0,0.0,0.0,0.0,0.0,0.0,0.0,0.0,0.0,0.0,0.15156092648539776,0
0.0,0.0,0.0,0.0,0.0,0.0,0.0,0.0,0.0,0.0,0.0,0.0,0.0,0.0,0.0,0.0,0.17598187311178246,0
0.0,0.0,0.0,0.0,0.0,0.0,0.0,0.0,0.0,0.0,0.0,0.0,0.0,0.0,0.0,0.0,0.3031218529707955,0
0.0,0.0,0.0,0.0,0.0,0.0,0.0,0.0,0.0,0.0,0.0,0.0,0.0,0.0,0.0,0.0,0.17598187311178246,0
0.0,0.0,0.0,0.0,0.0,0.0,0.0,0.0,0.0,0.0,0.0,0.0,0.0,0.0,0.0,0.0,0.19587109768378652,0
0.0,0.0,0.0,0.0,0.0,0.0,0.0,0.0,0.0,0.0,0.0,0.0,0.0,0.0,0.0,0.0,0.19587109768378652,0
0.0,0.0,0.0,0.0,0.0,0.0,0.0,0.0,0.0,0.0,0.0,0.0,0.0,0.0,0.0,0.0,0.371852970795569,0
0.0,0.0,0.0,0.0,0.0,0.0,0.0,0.0,0.0,0.0,0.0,0.0,0.0,0.0,0.0,0.0,0.29607250755287007,0
0.0,0.0,0.0,0.0,0.0,0.0,0.0,0.0,0.0,0.0,0.0,0.0,0.0,0.0,0.0,0.0,0.15156092648539776,0
0.0,0.0,0.0,0.0,0.0,0.0,0.0,0.0,0.0,0.0,0.0,0.0,0.0,0.0,0.0,0.0,0.15156092648539776,0
0.0,0.0,0.0,0.0,0.0,0.0,0.0,0.0,0.0,0.0,0.0,0.0,0.0,0.0,0.0,0.0,0.35624370594159116,0
0.0,0.0,0.0,0.0,0.0,0.0,0.0,0.0,0.0,0.0,0.0,0.0,0.0,0.0,0.0,0.0,0.45468277945619334,0
0.0,0.0,0.0,0.0,0.0,0.0,0.0,0.0,0.0,0.0,0.0,0.0,0.0,0.0,0.0,0.0,0.32754279959718025,0
0.0,0.0,0.0,0.0,0.0,0.0,0.0,0.0,0.0,0.0,0.0,0.0,0.0,0.0,0.0,0.0,0.2716515609264854,0
0.0,0.0,0.0,0.0,0.0,0.0,0.0,0.0,0.0,0.0,0.0,0.0,0.0,0.0,0.0,0.0,0.19587109768378652,0
0.0,0.0,0.0,0.0,0.0,0.0,0.0,0.0,0.0,0.0,0.0,0.0,0.0,0.0,0.0,0.0,0.5387713997985901,0
0.0,0.0,0.0,0.0,0.0,0.0,0.0,0.0,0.0,0.0,0.0,0.0,0.0,0.0,0.0,0.0,0.40055387713997986,0
0.0,0.0,0.0,0.0,0.0,0.0,0.0,0.0,0.0,0.0,0.0,0.0,0.0,0.0,0.0,0.0,0.35624370594159116,0
0.0,0.0,0.0,0.0,0.0,0.0,0.0,0.0,0.0,0.0,0.0,0.0,0.0,0.0,0.0,0.0,0.15156092648539776,0
0.0,0.0,0.0,0.0,0.0,0.0,0.0,0.0,0.0,0.0,0.0,0.0,0.0,0.0,0.0,0.0,0.25176233635448136,0
0.0,0.0,0.0,0.0,0.0,0.0,0.0,0.0,0.0,0.0,0.0,0.0,0.0,0.0,0.0,0.0,0.26208459214501506,0
0.0,0.0,0.0,0.0,0.0,0.0,0.0,0.0,0.0,0.0,0.0,0.0,0.0,0.0,0.0,0.0,0.15156092648539776,0
0.0,0.0,0.0,0.0,0.0,0.0,0.0,0.0,0.0,0.0,0.0,0.0,0.0,0.0,0.0,0.0,0.21273917421953675,0
0.0,0.0,0.0,0.0,0.0,0.0,0.0,0.0,0.0,0.0,0.0,0.0,0.0,0.0,0.0,0.0,0.15156092648539776,0
0.0,0.0,0.0,0.0,0.0,0.0,0.0,0.0,0.0,0.0,0.0,0.0,0.0,0.0,0.0,0.0,0.15156092648539776,0
0.0,0.0,0.0,0.0,0.0,0.0,0.0,0.0,0.0,0.0,0.0,0.0,0.0,0.0,0.0,0.0,0.29607250755287007,0
0.0,0.0,0.0,0.0,0.0,0.0,0.0,0.0,0.0,0.0,0.0,0.0,0.0,0.0,0.0,0.0,0.34743202416918423,0
0.0,0.0,0.0,0.0,0.0,0.0,0.0,0.0,0.0,0.0,0.0,0.0,0.0,0.0,0.0,0.0,0.30966767371601206,0
0.0,0.0,0.0,0.0,0.0,0.0,0.0,0.0,0.0,0.0,0.0,0.0,0.0,0.0,0.0,0.0,0.15156092648539776,0
0.0,0.0,0.0,0.0,0.0,0.0,0.0,0.0,0.0,0.0,0.0,0.0,0.0,0.0,0.0,0.0,0.17598187311178246,0
0.0,0.0,0.0,0.0,0.0,0.0,0.0,0.0,0.0,0.0,0.0,0.0,0.0,0.0,0.0,0.0,0.2716515609264854,0
0.0,0.0,0.0,0.0,0.0,0.0,0.0,0.0,0.0,0.0,0.0,0.0,0.0,0.0,0.0,0.0,0.19587109768378652,0
0.0,0.0,0.0,0.0,0.0,0.0,0.0,0.0,0.0,0.0,0.0,0.0,0.0,0.0,0.0,0.0,0.15156092648539776,0
0.0,0.0,0.0,0.0,0.0,0.0,0.0,0.0,0.0,0.0,0.0,0.0,0.0,0.0,0.0,0.0,0.25176233635448136,0
0.0,0.0,0.0,0.0,0.0,0.0,0.0,0.0,0.0,0.0,0.0,0.0,0.0,0.0,0.0,0.0,0.21273917421953675,0
0.0,0.0,0.0,0.0,0.0,0.0,0.0,0.0,0.0,0.0,0.0,0.0,0.0,0.0,0.0,0.0,0.4209466263846928,0
0.0,0.0,0.0,0.0,0.0,0.0,0.0,0.0,0.0,0.0,0.0,0.0,0.0,0.0,0.0,0.0,0.28851963746223563,0
0.0,0.0,0.0,0.0,0.0,0.0,0.0,0.0,0.0,0.0,0.0,0.0,0.0,0.0,0.0,0.0,0.42774420946626385,0
0.1111111111111111,0.014492753623188406,0.047619047619047616,0.0007396449704142012,0.0,0.0,0.0,0.0,0.0,0.0,0.0,0.0,0.0,0.0,0.0,0.0,0.19587109768378652,0
0.1111111111111111,0.014492753623188406,0.09523809523809523,0.0014792899408284023,0.0,0.0,0.0,0.0,0.0,0.0,0.0,0.0,0.0,0.0,0.0,0.0,0.21273917421953675,0
0.1111111111111111,0.014492753623188406,0.09523809523809523,0.0014792899408284023,0.0,0.0,0.0,0.0,0.0,0.0,0.0,0.0,0.0,0.0,0.0,0.0,0.19587109768378652,0
0.1111111111111111,0.014492753623188406,0.047619047619047616,0.0007396449704142012,0.0,0.0,0.0,0.0,0.0,0.0,0.0,0.0,0.0,0.0,0.0,0.0,0.2401812688821752,0
0.1111111111111111,0.014492753623188406,0.09523809523809523,0.0014792899408284023,0.0,0.0,0.0,0.0,0.0,0.0,0.0,0.0,0.0,0.0,0.0,0.0,0.19587109768378652,0
0.1111111111111111,0.014492753623188406,0.047619047619047616,0.0007396449704142012,0.0,0.0,0.0,0.0,0.0,0.0,0.0,0.0,0.0,0.0,0.0,0.0,0.15156092648539776,0
0.1111111111111111,0.014492753623188406,0.047619047619047616,0.0007396449704142012,0.0,0.0,0.0,0.0,0.0,0.0,0.0,0.0,0.0,0.0,0.0,0.0,0.17598187311178246,0
0.2222222222222222,0.028985507246376812,0.19047619047619047,0.0036982248520710057,0.0,0.0,0.25,0.018518518518518517,0.0,0.0,0.3333333333333333,0.025,0.0,0.0,0.0,0.0,0.22734138972809667,3
0.1111111111111111,0.014492753623188406,0.047619047619047616,0.0007396449704142012,0.0,0.0,0.0,0.0,0.0,0.0,0.0,0.0,0.0,0.0,0.0,0.0,0.17598187311178246,0
0.0,0.0,0.0,0.0,0.5,0.01282051282051282,0.0,0.0,0.0,0.0,0.0,0.0,0.0,0.0,0.0,0.0,0.21273917421953675,1
0.1111111111111111,0.014492753623188406,0.047619047619047616,0.0007396449704142012,0.0,0.0,0.0,0.0,0.0,0.0,0.0,0.0,0.0,0.0,0.0,0.0,0.2401812688821752,0
0.1111111111111111,0.014492753623188406,0.19047619047619047,0.0029585798816568047,0.0,0.0,0.25,0.018518518518518517,0.0,0.0,0.0,0.0,0.0,0.0,0.0,0.0,0.15156092648539776,0
0.1111111111111111,0.014492753623188406,0.047619047619047616,0.0007396449704142012,0.0,0.0,0.0,0.0,0.0,0.0,0.0,0.0,0.0,0.0,0.0,0.0,0.2401812688821752,0
0.1111111111111111,0.014492753623188406,0.09523809523809523,0.0014792899408284023,0.0,0.0,0.25,0.009259259259259259,0.0,0.0,0.3333333333333333,0.025,0.0,0.0,0.0,0.0,0.17598187311178246,3
0.1111111111111111,0.028985507246376812,0.047619047619047616,0.0014792899408284023,0.0,0.0,0.0,0.0,0.0,0.0,0.0,0.0,0.0,0.0,0.0,0.0,0.21273917421953675,0
0.1111111111111111,0.014492753623188406,0.09523809523809523,0.0014792899408284023,0.0,0.0,0.0,0.0,0.0,0.0,0.0,0.0,0.0,0.0,0.0,0.0,0.15156092648539776,0
0.1111111111111111,0.014492753623188406,0.09523809523809523,0.0014792899408284023,0.0,0.0,0.0,0.0,0.0,0.0,0.0,0.0,0.0,0.0,0.0,0.0,0.2401812688821752,0
0.2222222222222222,0.028985507246376812,0.09523809523809523,0.0014792899408284023,0.0,0.0,0.0,0.0,0.0,0.0,0.0,0.0,0.0,0.0,0.0,0.0,0.2401812688821752,0
0.1111111111111111,0.014492753623188406,0.047619047619047616,0.0007396449704142012,0.0,0.0,0.0,0.0,0.0,0.0,0.0,0.0,0.0,0.0,0.0,0.0,0.2401812688821752,0
0.1111111111111111,0.014492753623188406,0.14285714285714285,0.0022189349112426036,0.0,0.0,0.25,0.009259259259259259,0.0,0.0,0.0,0.0,0.0,0.0,0.0,0.0,0.21273917421953675,0
0.1111111111111111,0.014492753623188406,0.047619047619047616,0.0007396449704142012,0.0,0.0,0.0,0.0,0.0,0.0,0.0,0.0,0.0,0.0,0.0,0.0,0.2401812688821752,0
0.1111111111111111,0.014492753623188406,0.047619047619047616,0.0007396449704142012,0.0,0.0,0.0,0.0,0.0,0.0,0.0,0.0,0.0,0.0,0.0,0.0,0.0,0
0.1111111111111111,0.014492753623188406,0.047619047619047616,0.0007396449704142012,0.0,0.0,0.0,0.0,0.0,0.0,0.0,0.0,0.0,0.0,0.0,0.0,0.0,0
0.1111111111111111,0.014492753623188406,0.09523809523809523,0.0014792899408284023,0.0,0.0,0.0,0.0,0.0,0.0,0.0,0.0,0.0,0.0,0.0,0.0,0.35624370594159116,0
0.1111111111111111,0.014492753623188406,0.14285714285714285,0.0029585798816568047,0.0,0.0,0.25,0.018518518518518517,0.0,0.0,0.0,0.0,0.0,0.0,0.0,0.0,0.46299093655589124,0
0.0,0.0,0.09523809523809523,0.005917159763313609,0.0,0.0,0.25,0.009259259259259259,0.0,0.0,0.0,0.0,0.0,0.0,0.0,0.0,0.7084592145015106,0
0.0,0.0,0.047619047619047616,0.0007396449704142012,0.0,0.0,0.5,0.018518518518518517,0.0,0.0,0.0,0.0,0.0,0.0,0.0,0.0,0.40055387713997986,0
0.1111111111111111,0.014492753623188406,0.047619047619047616,0.0007396449704142012,0.0,0.0,0.0,0.0,0.0,0.0,0.0,0.0,0.0,0.0,0.0,0.0,0.45468277945619334,0
0.1111111111111111,0.014492753623188406,0.14285714285714285,0.0022189349112426036,0.0,0.0,0.25,0.009259259259259259,0.0,0.0,0.0,0.0,0.0,0.0,0.0,0.0,0.4614803625377643,0
0.1111111111111111,0.014492753623188406,0.047619047619047616,0.0007396449704142012,0.0,0.0,0.0,0.0,0.0,0.0,0.0,0.0,0.0,0.0,0.0,0.0,0.4476334340382679,0
0.0,0.0,0.047619047619047616,0.0007396449704142012,0.0,0.0,0.25,0.009259259259259259,0.0,0.0,0.0,0.0,0.0,0.0,0.0,0.0,0.4400805639476334,0
0.0,0.0,0.09523809523809523,0.0007396449704142012,0.0,0.0,0.25,0.009259259259259259,0.0,0.0,0.0,0.0,0.0,0.0,0.0,0.0,0.29607250755287007,0
0.1111111111111111,0.014492753623188406,0.09523809523809523,0.0022189349112426036,0.0,0.0,0.25,0.018518518518518517,0.0,0.0,0.0,0.0,0.0,0.0,0.0,0.0,0.4033232628398792,0
0.2222222222222222,0.043478260869565216,0.09523809523809523,0.0036982248520710057,0.0,0.0,0.25,0.009259259259259259,0.0,0.0,0.3333333333333333,0.05,0.0,0.0,0.0,0.0,0.4493957703927492,3
0.0,0.0,0.047619047619047616,0.0007396449704142012,0.0,0.0,0.25,0.009259259259259259,0.0,0.0,0.0,0.0,0.0,0.0,0.0,0.0,0.2401812688821752,0
0.1111111111111111,0.043478260869565216,0.19047619047619047,0.005917159763313609,0.0,0.0,0.25,0.037037037037037035,0.0,0.0,0.3333333333333333,0.375,0.0,0.0,0.0,0.0,0.716515609264854,3
0.1111111111111111,0.014492753623188406,0.19047619047619047,0.0029585798816568047,0.0,0.0,0.25,0.018518518518518517,0.0,0.0,0.3333333333333333,0.025,0.0,0.0,0.0,0.0,0.4690332326283988,3
0.0,0.0,0.14285714285714285,0.005177514792899408,0.0,0.0,0.0,0.0,0.0,0.0,0.0,0.0,0.0,0.0,0.0,0.0,0.3977844914400806,0
0.2222222222222222,0.10144927536231885,0.19047619047619047,0.011834319526627219,0.0,0.0,0.5,0.046296296296296294,0.0,0.0,0.3333333333333333,0.05,0.0,0.0,0.0,0.0,0.6165659617321249,3
0.0,0.0,0.047619047619047616,0.0014792899408284023,0.0,0.0,0.5,0.037037037037037035,0.0,0.0,0.0,0.0,0.0,0.0,0.0,0.0,0.47205438066465255,0
0.1111111111111111,0.014492753623188406,0.23809523809523808,0.008875739644970414,0.5,0.01282051282051282,1.0,0.07407407407407407,0.0,0.0,0.0,0.0,0.0,0.0,0.0,0.0,0.533987915407855,1
0.2222222222222222,0.057971014492753624,0.14285714285714285,0.005177514792899408,0.0,0.0,0.25,0.009259259259259259,0.0,0.0,0.3333333333333333,0.05,0.0,0.0,0.0,0.0,0.5765357502517623,3
0.0,0.0,0.047619047619047616,0.0007396449704142012,0.0,0.0,0.25,0.009259259259259259,0.0,0.0,0.0,0.0,0.0,0.0,0.0,0.0,0.36807653575025173,0
0.0,0.0,0.14285714285714285,0.0036982248520710057,0.5,0.2948717948717949,0.5,0.027777777777777776,0.0,0.0,0.3333333333333333,0.275,0.0,0.0,1.0,0.5,0.7298590130916415,-1
0.0,0.0,0.09523809523809523,0.0022189349112426036,0.0,0.0,0.25,0.009259259259259259,0.0,0.0,0.0,0.0,0.0,0.0,0.0,0.0,0.5508559919436052,0
0.0,0.0,0.047619047619047616,0.0014792899408284023,0.0,0.0,0.0,0.0,0.0,0.0,0.0,0.0,0.0,0.0,0.0,0.0,0.30966767371601206,0
0.1111111111111111,0.057971014492753624,0.19047619047619047,0.005177514792899408,0.0,0.0,0.25,0.009259259259259259,0.0,0.0,0.3333333333333333,0.025,0.0,0.0,0.0,0.0,0.6445115810674723,3
0.0,0.0,0.047619047619047616,0.0007396449704142012,0.0,0.0,0.25,0.009259259259259259,0.0,0.0,0.0,0.0,0.0,0.0,0.0,0.0,0.15156092648539776,0
0.0,0.0,0.09523809523809523,0.0036982248520710057,0.0,0.0,0.5,0.09259259259259259,0.0,0.0,0.3333333333333333,0.025,0.0,0.0,0.0,0.0,0.4735649546827794,3
0.0,0.0,0.09523809523809523,0.0022189349112426036,0.0,0.0,0.25,0.018518518518518517,0.0,0.0,0.0,0.0,0.0,0.0,0.0,0.0,0.4690332326283988,0
0.1111111111111111,0.014492753623188406,0.19047619047619047,0.005177514792899408,0.0,0.0,0.5,0.06481481481481481,0.0,0.0,0.0,0.0,0.0,0.0,0.0,0.0,0.532980866062437,0
0.2222222222222222,0.028985507246376812,0.047619047619047616,0.0022189349112426036,0.0,0.0,0.5,0.027777777777777776,0.0,0.0,0.0,0.0,0.0,0.0,0.0,0.0,0.4690332326283988,0
0.2222222222222222,0.043478260869565216,0.14285714285714285,0.0073964497041420114,0.0,0.0,0.25,0.07407407407407407,0.0,0.0,0.0,0.0,0.0,0.0,0.0,0.0,0.5684793554884189,0
0.0,0.0,0.09523809523809523,0.0029585798816568047,0.0,0.0,0.25,0.009259259259259259,0.0,0.0,0.0,0.0,0.0,0.0,0.0,0.0,0.41868076535750254,0
0.0,0.0,0.09523809523809523,0.004437869822485207,0.0,0.0,0.5,0.05555555555555555,0.0,0.0,0.3333333333333333,0.025,0.0,0.0,0.0,0.0,0.48690835850956693,3
0.1111111111111111,0.014492753623188406,0.19047619047619047,0.0036982248520710057,1.0,0.02564102564102564,0.5,0.037037037037037035,0.0,0.0,0.3333333333333333,0.025,1.0,1.0,0.0,0.0,0.49672708962739176,-1
0.1111111111111111,0.014492753623188406,0.09523809523809523,0.0022189349112426036,0.0,0.0,0.25,0.018518518518518517,0.0,0.0,0.0,0.0,0.0,0.0,0.0,0.0,0.4476334340382679,0
0.1111111111111111,0.13043478260869565,0.14285714285714285,0.02071005917159763,0.0,0.0,0.25,0.009259259259259259,0.0,0.0,0.0,0.0,0.0,0.0,0.0,0.0,0.5372608257804632,0
0.1111111111111111,0.014492753623188406,0.047619047619047616,0.0007396449704142012,0.5,0.01282051282051282,0.0,0.0,0.0,0.0,0.0,0.0,0.0,0.0,0.0,0.0,0.41868076535750254,1
0.0,0.0,0.14285714285714285,0.0036982248520710057,0.0,0.0,0.25,0.018518518518518517,0.0,0.0,0.0,0.0,0.0,0.0,0.0,0.0,0.4763343403826787,0
0.1111111111111111,0.014492753623188406,0.14285714285714285,0.0029585798816568047,0.0,0.0,0.25,0.018518518518518517,0.0,0.0,0.3333333333333333,0.025,0.0,0.0,0.0,0.0,0.29607250755287007,3
0.2222222222222222,0.057971014492753624,0.2857142857142857,0.008136094674556213,0.0,0.0,0.25,0.027777777777777776,0.0,0.0,0.3333333333333333,0.05,0.0,0.0,0.0,0.0,0.506797583081571,3
0.0,0.0,0.047619047619047616,0.0007396449704142012,0.0,0.0,0.25,0.018518518518518517,0.0,0.0,0.3333333333333333,0.1,0.0,0.0,0.0,0.0,0.6513091641490434,3
0.2222222222222222,0.028985507246376812,0.14285714285714285,0.0036982248520710057,0.0,0.0,0.25,0.027777777777777776,0.0,0.0,0.3333333333333333,0.025,0.0,0.0,0.0,0.0,0.5387713997985901,3
0.0,0.0,0.09523809523809523,0.0014792899408284023,0.0,0.0,0.25,0.009259259259259259,0.0,0.0,0.0,0.0,0.0,0.0,0.0,0.0,0.29607250755287007,0
0.1111111111111111,0.014492753623188406,0.14285714285714285,0.0036982248520710057,0.0,0.0,0.25,0.018518518518518517,0.0,0.0,0.3333333333333333,0.025,0.0,0.0,0.0,0.0,0.4690332326283988,3
0.2222222222222222,0.043478260869565216,0.14285714285714285,0.0022189349112426036,0.0,0.0,0.25,0.018518518518518517,0.0,0.0,0.6666666666666666,0.05,0.0,0.0,0.0,0.0,0.6112789526686807,2
0.0,0.0,0.09523809523809523,0.0014792899408284023,0.0,0.0,0.5,0.027777777777777776,0.0,0.0,0.0,0.0,0.0,0.0,0.0,0.0,0.5528700906344411,0
0.0,0.0,0.047619047619047616,0.0014792899408284023,0.0,0.0,0.25,0.018518518518518517,0.0,0.0,0.0,0.0,0.0,0.0,0.0,0.0,0.5128398791540785,0
0.2222222222222222,0.42028985507246375,0.38095238095238093,0.03994082840236686,0.0,0.0,0.25,0.046296296296296294,0.0,0.0,0.6666666666666666,0.1,0.0,0.0,0.0,0.0,0.6007049345417925,2
0.1111111111111111,0.014492753623188406,0.09523809523809523,0.0036982248520710057,0.0,0.0,0.25,0.037037037037037035,0.0,0.0,0.3333333333333333,0.025,0.0,0.0,0.0,0.0,0.466012084592145,3
0.0,0.0,0.047619047619047616,0.0007396449704142012,0.0,0.0,0.25,0.009259259259259259,0.0,0.0,0.0,0.0,0.0,0.0,0.0,0.0,0.07578046324269888,0
0.0,0.0,0.09523809523809523,0.008875739644970414,0.0,0.0,0.5,0.09259259259259259,0.0,0.0,0.0,0.0,0.0,0.0,0.0,0.0,0.459718026183283,0
0.1111111111111111,0.014492753623188406,0.2857142857142857,0.008136094674556213,0.0,0.0,0.25,0.046296296296296294,0.0,0.0,0.0,0.0,0.0,0.0,0.0,0.0,0.6236153071500503,0
0.0,0.0,0.09523809523809523,0.0022189349112426036,0.0,0.0,0.5,0.037037037037037035,0.0,0.0,0.0,0.0,0.0,0.0,0.0,0.0,0.5614300100704934,0
0.2222222222222222,0.028985507246376812,0.23809523809523808,0.0029585798816568047,0.0,0.0,0.25,0.009259259259259259,0.0,0.0,0.3333333333333333,0.025,0.0,0.0,0.0,0.0,0.371852970795569,3
0.0,0.0,0.047619047619047616,0.0014792899408284023,0.0,0.0,0.5,0.037037037037037035,0.0,0.0,0.0,0.0,0.0,0.0,0.0,0.0,0.4906847935548842,0
0.0,0.0,0.19047619047619047,0.005177514792899408,1.0,0.038461538461538464,0.25,0.009259259259259259,0.0,0.0,0.3333333333333333,0.1,0.0,0.0,1.0,0.7692307692307693,0.7336354481369587,-1
0.0,0.0,0.09523809523809523,0.008136094674556213,0.0,0.0,0.25,0.07407407407407407,0.0,0.0,0.0,0.0,0.0,0.0,0.0,0.0,0.38872104733131924,0
0.0,0.0,0.09523809523809523,0.0036982248520710057,0.5,0.02564102564102564,0.25,0.009259259259259259,0.0,0.0,0.0,0.0,0.0,0.0,0.0,0.0,0.6530715005035246,1
0.1111111111111111,0.014492753623188406,0.23809523809523808,0.010355029585798816,0.0,0.0,0.25,0.07407407407407407,0.0,0.0,0.3333333333333333,0.025,0.0,0.0,0.0,0.0,0.4735649546827794,3
0.1111111111111111,0.014492753623188406,0.09523809523809523,0.004437869822485207,0.0,0.0,0.5,0.037037037037037035,0.0,0.0,0.0,0.0,0.0,0.0,0.0,0.0,0.4360523665659617,0
0.1111111111111111,0.014492753623188406,0.047619047619047616,0.0007396449704142012,0.0,0.0,0.0,0.0,0.0,0.0,0.0,0.0,0.0,0.0,0.0,0.0,0.4614803625377643,0
0.0,0.0,0.047619047619047616,0.0007396449704142012,0.0,0.0,0.0,0.0,0.0,0.0,0.0,0.0,0.0,0.0,0.0,0.0,0.1200906344410876,0
0.3333333333333333,0.028985507246376812,0.09523809523809523,0.0014792899408284023,0.0,0.0,0.25,0.037037037037037035,0.0,0.0,0.0,0.0,0.0,0.0,0.0,0.0,0.35624370594159116,0
0.1111111111111111,0.014492753623188406,0.19047619047619047,0.0036982248520710057,0.5,0.01282051282051282,0.25,0.009259259259259259,0.0,0.0,0.0,0.0,0.0,0.0,0.0,0.0,0.46752265861027187,1
0.0,0.0,0.09523809523809523,0.0022189349112426036,0.5,0.02564102564102564,0.25,0.018518518518518517,0.0,0.0,0.0,0.0,0.0,0.0,0.0,0.0,0.48313192346424977,1
0.0,0.0,0.047619047619047616,0.0007396449704142012,0.0,0.0,0.25,0.027777777777777776,0.0,0.0,0.3333333333333333,0.225,0.0,0.0,1.0,0.34615384615384615,0.7245720040281974,-1
0.1111111111111111,0.014492753623188406,0.09523809523809523,0.0014792899408284023,0.0,0.0,0.0,0.0,0.0,0.0,0.0,0.0,0.0,0.0,0.0,0.0,0.26208459214501506,0
0.1111111111111111,0.014492753623188406,0.047619047619047616,0.0007396449704142012,0.0,0.0,0.0,0.0,0.0,0.0,0.0,0.0,0.0,0.0,0.0,0.0,0.4400805639476334,0
0.2222222222222222,0.028985507246376812,0.19047619047619047,0.0029585798816568047,0.0,0.0,0.25,0.018518518518518517,0.0,0.0,0.3333333333333333,0.025,0.0,0.0,0.0,0.0,0.48690835850956693,3
0.0,0.0,0.047619047619047616,0.0007396449704142012,0.0,0.0,0.0,0.0,0.0,0.0,0.0,0.0,0.0,0.0,0.0,0.0,0.5226586102719033,0
0.1111111111111111,0.014492753623188406,0.09523809523809523,0.0014792899408284023,0.0,0.0,0.0,0.0,0.0,0.0,0.0,0.0,0.0,0.0,0.0,0.0,0.337865055387714,0
0.0,0.0,0.09523809523809523,0.0036982248520710057,0.0,0.0,0.5,0.06481481481481481,0.0,0.0,0.3333333333333333,0.07500000000000001,0.0,0.0,0.0,0.0,0.6427492447129909,3
0.1111111111111111,0.014492753623188406,0.23809523809523808,0.0073964497041420114,1.0,0.02564102564102564,0.5,0.046296296296296294,0.0,0.0,0.3333333333333333,0.07500000000000001,0.0,0.0,0.0,0.0,0.6402316213494461,-1
0.1111111111111111,0.014492753623188406,0.09523809523809523,0.0014792899408284023,0.0,0.0,0.25,0.009259259259259259,0.0,0.0,0.0,0.0,0.0,0.0,0.0,0.0,0.49798590130916415,0
0.0,0.0,0.09523809523809523,0.0007396449704142012,0.0,0.0,0.25,0.009259259259259259,0.0,0.0,0.0,0.0,0.0,0.0,0.0,0.0,0.0,0
0.0,0.0,0.09523809523809523,0.005917159763313609,0.0,0.0,0.25,0.009259259259259259,0.0,0.0,0.3333333333333333,0.025,0.0,0.0,0.0,0.0,0.5478348439073515,3
0.0,0.0,0.19047619047619047,0.0029585798816568047,0.0,0.0,0.25,0.009259259259259259,0.0,0.0,0.3333333333333333,0.05,0.0,0.0,0.0,0.0,0.5463242698892246,3
0.2222222222222222,0.028985507246376812,0.19047619047619047,0.005917159763313609,0.0,0.0,0.25,0.027777777777777776,0.0,0.0,0.3333333333333333,0.025,0.0,0.0,0.0,0.0,0.5045317220543807,3
0.0,0.0,0.0,0.0,0.0,0.0,0.75,0.018518518518518517,0.0,0.0,0.0,0.0,0.0,0.0,0.0,0.0,0.371852970795569,0
0.2222222222222222,0.043478260869565216,0.14285714285714285,0.0029585798816568047,0.0,0.0,0.25,0.009259259259259259,0.0,0.0,0.3333333333333333,0.025,0.0,0.0,0.0,0.0,0.4803625377643504,3
0.2222222222222222,0.028985507246376812,0.14285714285714285,0.0036982248520710057,0.0,0.0,0.25,0.027777777777777776,0.0,0.0,0.6666666666666666,0.05,0.0,0.0,0.0,0.0,0.46752265861027187,2
0.3333333333333333,0.043478260869565216,0.09523809523809523,0.0014792899408284023,0.0,0.0,0.75,0.009259259259259259,0.0,0.0,0.0,0.0,0.0,0.0,0.0,0.0,0.5372608257804632,0
0.0,0.0,0.047619047619047616,0.0007396449704142012,0.0,0.0,0.25,0.009259259259259259,0.0,0.0,0.0,0.0,0.0,0.0,0.0,0.0,0.2804632426988923,0
0.0,0.0,0.09523809523809523,0.005177514792899408,0.0,0.0,0.25,0.027777777777777776,0.0,0.0,0.0,0.0,0.0,0.0,0.0,0.0,0.4748237663645518,0
0.1111111111111111,0.014492753623188406,0.14285714285714285,0.0014792899408284023,0.5,0.01282051282051282,0.0,0.0,0.0,0.0,0.0,0.0,0.0,0.0,0.0,0.0,0.39174219536757304,1
0.1111111111111111,0.014492753623188406,0.14285714285714285,0.022928994082840236,0.0,0.0,0.5,0.10185185185185185,0.0,0.0,0.0,0.0,0.0,0.0,0.0,0.0,0.6855488418932527,0
0.2222222222222222,0.043478260869565216,0.19047619047619047,0.009615384615384616,0.5,0.07692307692307693,0.25,0.018518518518518517,0.0,0.0,0.6666666666666666,0.05,0.0,0.0,0.0,0.0,0.5589123867069486,-1
0.0,0.0,0.19047619047619047,0.008875739644970414,0.5,0.038461538461538464,0.75,0.027777777777777776,0.0,0.0,0.0,0.0,0.0,0.0,0.0,0.0,0.5521148036253777,1
0.1111111111111111,0.014492753623188406,0.09523809523809523,0.0022189349112426036,0.0,0.0,0.25,0.018518518518518517,0.0,0.0,0.6666666666666666,0.05,0.0,0.0,0.0,0.0,0.2716515609264854,2
0.0,0.0,0.0,0.0,0.0,0.0,0.25,0.018518518518518517,0.0,0.0,0.0,0.0,0.0,0.0,0.0,0.0,0.38544813695871094,0
0.2222222222222222,0.028985507246376812,0.19047619047619047,0.004437869822485207,0.0,0.0,0.25,0.046296296296296294,0.0,0.0,0.3333333333333333,0.025,0.0,0.0,0.0,0.0,0.4919436052366566,3
0.0,0.0,0.047619047619047616,0.0007396449704142012,0.0,0.0,0.25,0.027777777777777776,0.0,0.0,0.3333333333333333,0.1,0.0,0.0,0.0,0.0,0.6369587109768378,3
0.2222222222222222,0.07246376811594203,0.14285714285714285,0.0073964497041420114,0.0,0.0,0.25,0.05555555555555555,0.0,0.0,0.6666666666666666,0.05,0.0,0.0,0.0,0.0,0.5138469284994964,2
0.0,0.0,0.047619047619047616,0.0007396449704142012,0.0,0.0,0.0,0.0,0.0,0.0,0.0,0.0,0.0,0.0,0.0,0.0,0.5168680765357502,0
0.1111111111111111,0.014492753623188406,0.14285714285714285,0.0022189349112426036,0.0,0.0,0.25,0.018518518518518517,0.0,0.0,0.0,0.0,0.0,0.0,0.0,0.0,0.2804632426988923,0
0.0,0.0,0.047619047619047616,0.0007396449704142012,0.0,0.0,0.5,0.018518518518518517,0.0,0.0,0.0,0.0,0.0,0.0,0.0,0.0,0.4803625377643504,0
0.1111111111111111,0.014492753623188406,0.23809523809523808,0.005917159763313609,0.0,0.0,0.25,0.037037037037037035,0.0,0.0,0.3333333333333333,0.025,0.0,0.0,0.0,0.0,0.574269889224572,3
0.1111111111111111,0.014492753623188406,0.14285714285714285,0.0029585798816568047,0.0,0.0,0.0,0.0,0.0,0.0,0.0,0.0,0.0,0.0,0.0,0.0,0.337865055387714,0
0.0,0.0,0.09523809523809523,0.0014792899408284023,0.0,0.0,0.0,0.0,0.0,0.0,0.0,0.0,0.0,0.0,0.0,0.0,0.5362537764350452,0
0.0,0.0,0.14285714285714285,0.004437869822485207,0.0,0.0,0.0,0.0,0.0,0.0,0.0,0.0,0.0,0.0,0.0,0.0,0.4209466263846928,0
0.1111111111111111,0.014492753623188406,0.09523809523809523,0.0022189349112426036,0.0,0.0,0.25,0.027777777777777776,0.0,0.0,0.3333333333333333,0.025,0.0,0.0,0.0,0.0,0.4906847935548842,3
0.1111111111111111,0.028985507246376812,0.19047619047619047,0.004437869822485207,0.0,0.0,0.5,0.027777777777777776,0.0,0.0,0.0,0.0,0.0,0.0,0.0,0.0,0.5410372608257804,0
0.2222222222222222,0.028985507246376812,0.2857142857142857,0.004437869822485207,0.0,0.0,0.25,0.018518518518518517,0.0,0.0,0.3333333333333333,0.025,0.0,0.0,0.0,0.0,0.4086102719033233,3
0.0,0.0,0.09523809523809523,0.0022189349112426036,0.0,0.0,0.5,0.037037037037037035,0.0,0.0,0.0,0.0,0.0,0.0,0.0,0.0,0.4843907351460221,0
0.2222222222222222,0.028985507246376812,0.23809523809523808,0.0073964497041420114,0.0,0.0,0.25,0.027777777777777776,0.0,0.0,0.0,0.0,0.0,0.0,0.0,0.0,0.5455689828801611,0
0.0,0.0,0.09523809523809523,0.0014792899408284023,0.0,0.0,0.25,0.018518518518518517,0.0,0.0,0.0,0.0,0.0,0.0,0.0,0.0,0.6603726082578046,0
0.0,0.0,0.19047619047619047,0.009615384615384616,0.5,0.0641025641025641,0.5,0.05555555555555555,0.0,0.0,0.0,0.0,0.0,0.0,0.0,0.0,0.6097683786505539,1
0.2222222222222222,0.028985507246376812,0.09523809523809523,0.0022189349112426036,0.0,0.0,0.25,0.018518518518518517,0.0,0.0,0.3333333333333333,0.025,0.0,0.0,0.0,0.0,0.4778449144008056,3
0.0,0.0,0.047619047619047616,0.0014792899408284023,0.0,0.0,0.0,0.0,0.0,0.0,0.0,0.0,0.0,0.0,0.0,0.0,0.21273917421953675,0
0.3333333333333333,0.07246376811594203,0.19047619047619047,0.008875739644970414,0.0,0.0,0.25,0.018518518518518517,0.0,0.0,0.3333333333333333,0.025,0.0,0.0,0.0,0.0,0.5825780463242699,3
0.0,0.0,0.09523809523809523,0.0029585798816568047,0.0,0.0,0.75,0.05555555555555555,0.0,0.0,0.0,0.0,0.0,0.0,0.0,0.0,0.4906847935548842,0
0.0,0.0,0.047619047619047616,0.0007396449704142012,0.0,0.0,0.0,0.0,0.0,0.0,0.0,0.0,0.0,0.0,0.0,0.0,0.5354984894259818,0
0.2222222222222222,0.028985507246376812,0.19047619047619047,0.005177514792899408,0.5,0.02564102564102564,0.25,0.027777777777777776,0.0,0.0,0.3333333333333333,0.025,0.0,0.0,0.0,0.0,0.4803625377643504,-1
0.2222222222222222,0.17391304347826086,0.3333333333333333,0.017011834319526627,0.0,0.0,0.5,0.018518518518518517,0.0,0.0,0.0,0.0,0.0,0.0,0.0,0.0,0.532980866062437,0
0.2222222222222222,0.028985507246376812,0.2857142857142857,0.0036982248520710057,0.0,0.0,0.25,0.018518518518518517,0.0,0.0,0.3333333333333333,0.025,0.0,0.0,0.0,0.0,0.4735649546827794,3
0.2222222222222222,0.028985507246376812,0.14285714285714285,0.0029585798816568047,0.0,0.0,0.25,0.018518518518518517,0.0,0.0,0.3333333333333333,0.025,0.0,0.0,0.0,0.0,0.34743202416918423,3
0.0,0.0,0.047619047619047616,0.0007396449704142012,0.0,0.0,0.5,0.037037037037037035,0.0,0.0,0.0,0.0,0.0,0.0,0.0,0.0,0.4818731117824773,0
0.0,0.0,0.14285714285714285,0.0036982248520710057,0.0,0.0,0.5,0.027777777777777776,0.0,0.0,0.0,0.0,0.0,0.0,0.0,0.0,0.4254783484390735,0
0.2222222222222222,0.057971014492753624,0.3333333333333333,0.05251479289940828,0.5,0.5384615384615384,0.75,0.7407407407407407,0.0,0.0,0.0,0.0,0.0,0.0,0.0,0.0,0.9277442094662638,-1
0.0,0.0,0.047619047619047616,0.0007396449704142012,0.0,0.0,0.0,0.0,0.0,0.0,0.0,0.0,0.0,0.0,0.0,0.0,0.4136455186304129,0
0.1111111111111111,0.014492753623188406,0.09523809523809523,0.0014792899408284023,0.0,0.0,0.25,0.018518518518518517,0.0,0.0,0.0,0.0,0.0,0.0,0.0,0.0,0.6042296072507553,0
0.1111111111111111,0.014492753623188406,0.14285714285714285,0.0036982248520710057,0.0,0.0,0.25,0.027777777777777776,0.0,0.0,0.3333333333333333,0.025,0.0,0.0,0.0,0.0,0.4582074521651561,3
0.1111111111111111,0.014492753623188406,0.19047619047619047,0.004437869822485207,0.0,0.0,0.25,0.027777777777777776,0.0,0.0,0.3333333333333333,0.025,0.0,0.0,0.0,0.0,0.5088116817724068,3
0.1111111111111111,0.014492753623188406,0.047619047619047616,0.0007396449704142012,0.0,0.0,0.25,0.009259259259259259,0.0,0.0,0.0,0.0,0.0,0.0,0.0,0.0,0.43001007049345413,0
0.0,0.0,0.14285714285714285,0.0022189349112426036,0.0,0.0,0.0,0.0,0.0,0.0,0.0,0.0,0.0,0.0,0.0,0.0,0.21273917421953675,0
0.0,0.0,0.047619047619047616,0.0007396449704142012,0.0,0.0,0.75,0.027777777777777776,0.0,0.0,0.0,0.0,0.0,0.0,0.0,0.0,0.4161631419939577,0
0.0,0.0,0.047619047619047616,0.0029585798816568047,0.0,0.0,0.25,0.009259259259259259,0.0,0.0,0.3333333333333333,0.025,0.0,0.0,0.0,0.0,0.5609264853977846,3
0.2222222222222222,0.028985507246376812,0.09523809523809523,0.0014792899408284023,0.0,0.0,0.25,0.009259259259259259,0.0,0.0,0.0,0.0,0.0,0.0,0.0,0.0,0.4400805639476334,0
0.0,0.0,0.14285714285714285,0.0014792899408284023,0.0,0.0,0.0,0.0,0.0,0.0,0.0,0.0,0.0,0.0,0.0,0.0,0.3519637462235649,0
0.0,0.0,0.047619047619047616,0.004437869822485207,0.0,0.0,0.5,0.06481481481481481,0.0,0.0,0.0,0.0,0.0,0.0,0.0,0.0,0.47910372608257806,0
1.0,0.8985507246376812,1.0,1.0,0.5,0.20512820512820512,0.75,0.4722222222222222,0.0,0.0,0.6666666666666666,0.025,0.0,0.0,0.0,0.0,1.0,-1
0.0,0.0,0.14285714285714285,0.008136094674556213,0.5,0.1923076923076923,0.25,0.009259259259259259,0.0,0.0,0.0,0.0,0.0,0.0,0.0,0.0,0.6777442094662639,1
0.0,0.0,0.09523809523809523,0.0014792899408284023,0.0,0.0,0.25,0.009259259259259259,0.0,0.0,0.0,0.0,0.0,0.0,0.0,0.0,0.40609264853977844,0
0.1111111111111111,0.6376811594202899,0.3333333333333333,0.07766272189349112,0.5,0.02564102564102564,0.75,0.5462962962962963,0.0,0.0,0.0,0.0,0.0,0.0,0.0,0.0,0.6923464249748238,-1
0.1111111111111111,0.014492753623188406,0.14285714285714285,0.004437869822485207,0.0,0.0,0.25,0.009259259259259259,0.0,0.0,0.0,0.0,0.0,0.0,0.0,0.0,0.47205438066465255,0
0.2222222222222222,0.043478260869565216,0.09523809523809523,0.0029585798816568047,0.0,0.0,0.25,0.027777777777777776,0.0,0.0,0.6666666666666666,0.05,0.0,0.0,0.0,0.0,0.48313192346424977,2
0.0,0.0,0.09523809523809523,0.0022189349112426036,0.0,0.0,0.5,0.027777777777777776,0.0,0.0,0.0,0.0,0.0,0.0,0.0,0.0,0.47205438066465255,0
0.0,0.0,0.09523809523809523,0.0036982248520710057,0.0,0.0,0.25,0.05555555555555555,0.0,0.0,0.3333333333333333,0.025,0.0,0.0,0.0,0.0,0.5755287009063444,3
0.2222222222222222,0.17391304347826086,0.23809523809523808,0.008875739644970414,0.0,0.0,0.25,0.06481481481481481,0.0,0.0,0.3333333333333333,0.025,0.0,0.0,0.0,0.0,0.6243705941591138,3
0.0,0.0,0.0,0.0,0.0,0.0,0.25,0.018518518518518517,0.0,0.0,0.0,0.0,0.0,0.0,0.0,0.0,0.21273917421953675,0
0.0,0.0,0.14285714285714285,0.0022189349112426036,0.0,0.0,0.25,0.009259259259259259,0.0,0.0,0.0,0.0,0.0,0.0,0.0,0.0,0.5078046324269889,0
0.1111111111111111,0.014492753623188406,0.09523809523809523,0.0022189349112426036,0.0,0.0,0.25,0.018518518518518517,0.0,0.0,0.0,0.0,0.0,0.0,0.0,0.0,0.29607250755287007,0
0.0,0.0,0.14285714285714285,0.014792899408284023,0.0,0.0,0.25,0.046296296296296294,0.0,0.0,0.0,0.0,0.0,0.0,0.0,0.0,0.634944612286002,0
0.2222222222222222,0.028985507246376812,0.2857142857142857,0.0073964497041420114,0.0,0.0,0.25,0.027777777777777776,0.0,0.0,0.0,0.0,0.0,0.0,0.0,0.0,0.5589123867069486,0
0.0,0.0,0.047619047619047616,0.0007396449704142012,0.0,0.0,0.0,0.0,0.0,0.0,0.0,0.0,0.0,0.0,0.0,0.0,0.4254783484390735,0
0.1111111111111111,0.028985507246376812,0.19047619047619047,0.03550295857988166,0.5,0.01282051282051282,0.25,0.009259259259259259,0.0,0.0,0.0,0.0,0.0,0.0,0.0,0.0,0.6402316213494461,1
0.3333333333333333,0.5217391304347826,0.19047619047619047,0.027366863905325445,0.5,1.0,0.75,0.046296296296296294,0.0,0.0,0.0,0.0,0.0,0.0,0.0,0.0,0.6601208459214502,-1
0.0,0.0,0.14285714285714285,0.0036982248520710057,0.0,0.0,0.75,0.10185185185185185,0.0,0.0,0.0,0.0,0.0,0.0,0.0,0.0,0.5521148036253777,0
0.0,0.0,0.19047619047619047,0.008136094674556213,0.5,0.1282051282051282,0.75,0.06481481481481481,0.0,0.0,0.0,0.0,0.0,0.0,0.0,0.0,0.6165659617321249,1
0.1111111111111111,0.014492753623188406,0.14285714285714285,0.0029585798816568047,0.0,0.0,0.25,0.018518518518518517,0.0,0.0,0.3333333333333333,0.025,0.0,0.0,0.0,0.0,0.4843907351460221,3
0.0,0.0,0.14285714285714285,0.004437869822485207,0.5,0.01282051282051282,0.75,0.09259259259259259,0.0,0.0,0.0,0.0,0.0,0.0,0.0,0.0,0.5455689828801611,1
0.1111111111111111,0.028985507246376812,0.09523809523809523,0.0029585798816568047,0.0,0.0,0.25,0.037037037037037035,0.0,0.0,0.0,0.0,0.0,0.0,0.0,0.0,0.6545820745216516,0
0.1111111111111111,0.014492753623188406,0.14285714285714285,0.006656804733727811,0.0,0.0,1.0,0.05555555555555555,0.0,0.0,0.0,0.0,0.0,0.0,0.0,0.0,0.526183282980866,0
0.0,0.0,0.09523809523809523,0.0014792899408284023,0.0,0.0,0.25,0.009259259259259259,0.0,0.0,0.0,0.0,0.0,0.0,0.0,0.0,0.5614300100704934,0
0.1111111111111111,0.014492753623188406,0.14285714285714285,0.006656804733727811,0.5,0.01282051282051282,0.25,0.027777777777777776,0.0,0.0,0.3333333333333333,0.025,0.0,0.0,0.0,0.0,0.47205438066465255,-1
0.1111111111111111,0.014492753623188406,0.09523809523809523,0.0014792899408284023,0.0,0.0,0.0,0.0,0.0,0.0,0.0,0.0,0.0,0.0,0.0,0.0,0.4209466263846928,0
0.1111111111111111,0.014492753623188406,0.14285714285714285,0.005177514792899408,0.0,0.0,0.25,0.027777777777777776,0.0,0.0,0.3333333333333333,0.025,0.0,0.0,0.0,0.0,0.3159617321248741,3
0.0,0.0,0.09523809523809523,0.0029585798816568047,0.0,0.0,0.5,0.037037037037037035,0.0,0.0,0.0,0.0,0.0,0.0,0.0,0.0,0.40055387713997986,0
0.4444444444444444,1.0,0.3333333333333333,0.1338757396449704,0.0,0.0,0.5,0.6388888888888888,0.0,0.0,0.3333333333333333,0.025,0.0,0.0,0.0,0.0,0.7608257804632427,-1
0.1111111111111111,0.014492753623188406,0.09523809523809523,0.0014792899408284023,0.0,0.0,0.25,0.009259259259259259,0.0,0.0,0.0,0.0,0.0,0.0,0.0,0.0,0.43001007049345413,0
0.1111111111111111,0.014492753623188406,0.19047619047619047,0.005917159763313609,0.0,0.0,0.0,0.0,0.0,0.0,0.0,0.0,0.0,0.0,0.0,0.0,0.47910372608257806,0
0.0,0.0,0.047619047619047616,0.0022189349112426036,0.0,0.0,0.5,0.037037037037037035,0.0,0.0,0.0,0.0,0.0,0.0,0.0,0.0,0.38544813695871094,0
0.1111111111111111,0.014492753623188406,0.09523809523809523,0.004437869822485207,0.0,0.0,0.25,0.018518518518518517,0.0,0.0,0.0,0.0,0.0,0.0,0.0,0.0,0.5234138972809668,0
0.1111111111111111,0.014492753623188406,0.09523809523809523,0.0014792899408284023,0.0,0.0,0.0,0.0,0.0,0.0,0.0,0.0,0.0,0.0,0.0,0.0,0.7185297079556898,0
0.0,0.0,0.047619047619047616,0.0007396449704142012,0.0,0.0,0.25,0.018518518518518517,0.0,0.0,0.0,0.0,0.0,0.0,0.0,0.0,0.4438569989929506,0
0.0,0.0,0.14285714285714285,0.0073964497041420114,0.5,0.0641025641025641,1.0,0.06481481481481481,0.0,0.0,0.0,0.0,0.0,0.0,0.0,0.0,0.5108257804632427,1
0.1111111111111111,0.014492753623188406,0.14285714285714285,0.0029585798816568047,0.5,0.01282051282051282,0.25,0.018518518518518517,0.0,0.0,0.0,0.0,0.0,0.0,0.0,0.0,0.48942598187311176,1
0.0,0.0,0.14285714285714285,0.0029585798816568047,0.5,0.05128205128205128,0.25,0.009259259259259259,0.0,0.0,0.0,0.0,0.0,0.0,0.0,0.0,0.5659617321248742,1
0.0,0.0,0.09523809523809523,0.0029585798816568047,0.0,0.0,0.5,0.037037037037037035,0.0,0.0,0.0,0.0,0.0,0.0,0.0,0.0,0.49446122860020136,0
0.0,0.0,0.047619047619047616,0.0007396449704142012,0.0,0.0,0.25,0.009259259259259259,0.0,0.0,0.0,0.0,0.0,0.0,0.0,0.0,0.466012084592145,0
0.3333333333333333,0.15942028985507248,0.19047619047619047,0.011834319526627219,0.0,0.0,0.25,0.018518518518518517,0.0,0.0,0.0,0.0,0.0,0.0,0.0,0.0,0.5921450151057401,0
0.1111111111111111,0.014492753623188406,0.19047619047619047,0.0036982248520710057,0.0,0.0,0.25,0.027777777777777776,0.0,0.0,0.3333333333333333,0.025,0.0,0.0,0.0,0.0,0.46752265861027187,3
0.2222222222222222,0.08695652173913043,0.19047619047619047,0.01775147928994083,0.5,0.02564102564102564,0.25,0.046296296296296294,0.0,0.0,0.6666666666666666,0.07500000000000001,0.0,0.0,0.0,0.0,0.6863041289023162,-1
0.1111111111111111,0.014492753623188406,0.19047619047619047,0.004437869822485207,0.0,0.0,0.5,0.018518518518518517,0.0,0.0,0.0,0.0,0.0,0.0,0.0,0.0,0.5279456193353474,0
0.0,0.0,0.047619047619047616,0.0014792899408284023,0.0,0.0,0.25,0.018518518518518517,0.0,0.0,0.0,0.0,0.0,0.0,0.0,0.0,0.29607250755287007,0
0.2222222222222222,0.028985507246376812,0.19047619047619047,0.004437869822485207,0.0,0.0,0.25,0.018518518518518517,0.0,0.0,0.6666666666666666,0.05,0.0,0.0,0.0,0.0,0.5410372608257804,2
0.1111111111111111,0.014492753623188406,0.19047619047619047,0.0036982248520710057,0.0,0.0,0.25,0.009259259259259259,0.0,0.0,0.0,0.0,0.0,0.0,0.0,0.0,0.459718026183283,0
0.0,0.0,0.09523809523809523,0.0022189349112426036,0.0,0.0,0.25,0.018518518518518517,0.0,0.0,0.0,0.0,0.0,0.0,0.0,0.0,0.5528700906344411,0
0.0,0.0,0.047619047619047616,0.0007396449704142012,0.0,0.0,0.25,0.009259259259259259,0.0,0.0,0.0,0.0,0.0,0.0,0.0,0.0,0.32200402819738166,0
0.0,0.0,0.14285714285714285,0.006656804733727811,0.5,0.01282051282051282,0.5,0.037037037037037035,0.0,0.0,0.0,0.0,0.0,0.0,0.0,0.0,0.5297079556898289,1
0.3333333333333333,0.057971014492753624,0.14285714285714285,0.0029585798816568047,0.0,0.0,0.25,0.009259259259259259,0.0,0.0,0.0,0.0,0.0,0.0,0.0,0.0,0.4420946626384693,0
0.0,0.0,0.047619047619047616,0.0007396449704142012,0.0,0.0,0.25,0.009259259259259259,0.0,0.0,0.0,0.0,0.0,0.0,0.0,0.0,0.07578046324269888,0
0.0,0.0,0.047619047619047616,0.0007396449704142012,0.0,0.0,0.0,0.0,0.0,0.0,0.0,0.0,0.0,0.0,0.0,0.0,0.34290030211480366,0
0.1111111111111111,0.014492753623188406,0.047619047619047616,0.0007396449704142012,0.0,0.0,0.25,0.009259259259259259,0.0,0.0,0.0,0.0,0.0,0.0,0.0,0.0,0.43001007049345413,0
0.0,0.0,0.14285714285714285,0.0036982248520710057,0.0,0.0,0.5,0.046296296296296294,0.0,0.0,0.3333333333333333,0.07500000000000001,0.0,0.0,0.0,0.0,0.5845921450151057,3
0.1111111111111111,0.014492753623188406,0.047619047619047616,0.0007396449704142012,0.0,0.0,0.25,0.009259259259259259,0.0,0.0,0.0,0.0,0.0,0.0,0.0,0.0,0.2716515609264854,0
0.1111111111111111,0.014492753623188406,0.09523809523809523,0.0022189349112426036,0.0,0.0,0.25,0.018518518518518517,0.0,0.0,0.3333333333333333,0.025,0.0,0.0,0.0,0.0,0.42774420946626385,3
0.0,0.0,0.09523809523809523,0.0036982248520710057,0.0,0.0,0.5,0.06481481481481481,0.0,0.0,0.3333333333333333,0.025,0.0,0.0,0.0,0.0,0.4705438066465257,3
0.0,0.0,0.09523809523809523,0.0014792899408284023,0.0,0.0,0.5,0.037037037037037035,0.0,0.0,0.0,0.0,0.0,0.0,0.0,0.0,0.4778449144008056,0
0.1111111111111111,0.014492753623188406,0.14285714285714285,0.0022189349112426036,0.0,0.0,0.0,0.0,0.0,0.0,0.3333333333333333,0.025,0.0,0.0,0.0,0.0,0.3159617321248741,3
0.0,0.0,0.047619047619047616,0.0029585798816568047,0.0,0.0,0.25,0.009259259259259259,0.0,0.0,0.0,0.0,0.0,0.0,0.0,0.0,0.34290030211480366,0
0.0,0.0,0.047619047619047616,0.0022189349112426036,0.0,0.0,0.5,0.12037037037037036,0.0,0.0,0.3333333333333333,0.05,0.0,0.0,1.0,0.23076923076923078,0.7230614300100704,-1
0.2222222222222222,0.07246376811594203,0.09523809523809523,0.005917159763313609,0.0,0.0,0.25,0.07407407407407407,0.0,0.0,0.3333333333333333,0.025,0.0,0.0,0.0,0.0,0.5372608257804632,3
0.2222222222222222,0.043478260869565216,0.19047619047619047,0.004437869822485207,0.0,0.0,0.25,0.037037037037037035,0.0,0.0,0.3333333333333333,0.07500000000000001,0.0,0.0,0.0,0.0,0.6354481369587109,3
0.1111111111111111,0.014492753623188406,0.14285714285714285,0.0029585798816568047,0.0,0.0,0.25,0.018518518518518517,0.0,0.0,0.3333333333333333,0.025,0.0,0.0,0.0,0.0,0.459718026183283,3
0.0,0.0,0.09523809523809523,0.0014792899408284023,0.0,0.0,0.25,0.018518518518518517,0.0,0.0,0.0,0.0,0.0,0.0,0.0,0.0,0.15156092648539776,0
0.2222222222222222,0.028985507246376812,0.19047619047619047,0.005177514792899408,0.0,0.0,0.25,0.009259259259259259,0.0,0.0,0.0,0.0,0.0,0.0,0.0,0.0,0.4735649546827794,0
0.2222222222222222,0.028985507246376812,0.14285714285714285,0.005177514792899408,0.0,0.0,0.5,0.05555555555555555,0.0,0.0,0.3333333333333333,0.025,0.0,0.0,0.0,0.0,0.5128398791540785,3
0.1111111111111111,0.014492753623188406,0.14285714285714285,0.0022189349112426036,0.0,0.0,0.25,0.009259259259259259,0.0,0.0,0.0,0.0,0.0,0.0,0.0,0.0,0.4420946626384693,0
0.2222222222222222,0.11594202898550725,0.23809523809523808,0.014792899408284023,0.0,0.0,0.25,0.10185185185185185,0.0,0.0,0.3333333333333333,0.05,0.0,0.0,0.0,0.0,0.5395266868076535,3
0.1111111111111111,0.014492753623188406,0.047619047619047616,0.0007396449704142012,0.0,0.0,0.0,0.0,0.0,0.0,0.0,0.0,0.0,0.0,0.0,0.0,0.2804632426988923,0
0.0,0.0,0.09523809523809523,0.0029585798816568047,0.5,0.01282051282051282,0.5,0.018518518518518517,0.0,0.0,0.0,0.0,0.0,0.0,0.0,0.0,0.35624370594159116,1
0.2222222222222222,0.043478260869565216,0.2857142857142857,0.004437869822485207,0.0,0.0,0.5,0.027777777777777776,0.0,0.0,0.3333333333333333,0.025,0.0,0.0,0.0,0.0,0.4582074521651561,3
0.2222222222222222,0.043478260869565216,0.19047619047619047,0.0036982248520710057,0.0,0.0,0.25,0.018518518518518517,0.0,0.0,0.3333333333333333,0.025,0.0,0.0,0.0,0.0,0.4136455186304129,3
0.0,0.0,0.14285714285714285,0.0036982248520710057,0.5,0.01282051282051282,0.75,0.07407407407407407,0.0,0.0,0.0,0.0,0.0,0.0,0.0,0.0,0.5304632426988923,1
0.0,0.0,0.09523809523809523,0.0014792899408284023,0.0,0.0,0.25,0.027777777777777776,0.0,0.0,0.3333333333333333,0.025,0.0,0.0,1.0,0.6923076923076923,0.6623867069486404,-1
0.0,0.0,0.14285714285714285,0.0014792899408284023,0.0,0.0,0.25,0.009259259259259259,0.0,0.0,0.3333333333333333,0.025,0.0,0.0,0.0,0.0,0.5045317220543807,3
0.1111111111111111,0.014492753623188406,0.19047619047619047,0.0029585798816568047,0.0,0.0,0.25,0.018518518518518517,0.0,0.0,0.0,0.0,0.0,0.0,0.0,0.0,0.4906847935548842,0
0.1111111111111111,0.014492753623188406,0.14285714285714285,0.005177514792899408,0.0,0.0,0.25,0.046296296296296294,0.0,0.0,0.3333333333333333,0.025,0.0,0.0,0.0,0.0,0.45468277945619334,3
0.0,0.0,0.14285714285714285,0.006656804733727811,0.0,0.0,0.25,0.06481481481481481,0.0,0.0,0.0,0.0,0.0,0.0,0.0,0.0,0.47205438066465255,0
0.1111111111111111,0.014492753623188406,0.09523809523809523,0.0014792899408284023,0.0,0.0,0.25,0.009259259259259259,0.0,0.0,0.0,0.0,0.0,0.0,0.0,0.0,0.32200402819738166,0
0.1111111111111111,0.11594202898550725,0.19047619047619047,0.009615384615384616,0.5,0.01282051282051282,0.75,0.018518518518518517,0.0,0.0,0.0,0.0,0.0,0.0,0.0,0.0,0.5659617321248742,1
0.0,0.0,0.14285714285714285,0.004437869822485207,0.0,0.0,0.25,0.018518518518518517,0.0,0.0,0.0,0.0,0.0,0.0,0.0,0.0,0.36807653575025173,0
0.0,0.0,0.09523809523809523,0.004437869822485207,0.0,0.0,0.25,0.009259259259259259,0.0,0.0,0.0,0.0,0.0,0.0,0.0,0.0,0.4420946626384693,0
0.0,0.0,0.14285714285714285,0.0036982248520710057,0.0,0.0,0.5,0.037037037037037035,0.0,0.0,0.0,0.0,0.0,0.0,0.0,0.0,0.5788016112789527,0
0.1111111111111111,0.014492753623188406,0.09523809523809523,0.0022189349112426036,0.0,0.0,0.5,0.037037037037037035,0.0,0.0,0.0,0.0,0.0,0.0,0.0,0.0,0.4906847935548842,0
0.0,0.0,0.14285714285714285,0.005177514792899408,0.0,0.0,0.75,0.07407407407407407,0.0,0.0,0.0,0.0,0.0,0.0,0.0,0.0,0.36027190332326287,0
0.0,0.0,0.047619047619047616,0.0007396449704142012,0.0,0.0,0.5,0.018518518518518517,0.0,0.0,0.0,0.0,0.0,0.0,0.0,0.0,0.4818731117824773,0
0.1111111111111111,0.014492753623188406,0.09523809523809523,0.005917159763313609,0.0,0.0,0.25,0.05555555555555555,0.0,0.0,0.3333333333333333,0.025,0.0,0.0,0.0,0.0,0.5931520644511581,3
0.0,0.0,0.047619047619047616,0.0014792899408284023,0.0,0.0,0.25,0.018518518518518517,0.0,0.0,0.0,0.0,0.0,0.0,0.0,0.0,0.29607250755287007,0
0.1111111111111111,0.014492753623188406,0.047619047619047616,0.0036982248520710057,0.0,0.0,0.25,0.05555555555555555,0.0,0.0,0.0,0.0,0.0,0.0,0.0,0.0,0.5395266868076535,0
0.1111111111111111,0.014492753623188406,0.2857142857142857,0.0036982248520710057,0.0,0.0,0.25,0.018518518518518517,0.0,0.0,0.3333333333333333,0.025,0.0,0.0,0.0,0.0,0.4136455186304129,3
0.1111111111111111,0.014492753623188406,0.14285714285714285,0.004437869822485207,0.0,0.0,0.25,0.046296296296296294,0.0,0.0,0.0,0.0,0.0,0.0,0.0,0.0,0.4400805639476334,0
0.0,0.0,0.09523809523809523,0.0029585798816568047,0.0,0.0,0.0,0.0,0.0,0.0,0.0,0.0,0.0,0.0,0.0,0.0,0.34743202416918423,0
0.0,0.0,0.09523809523809523,0.0029585798816568047,0.5,0.02564102564102564,0.5,0.027777777777777776,0.0,0.0,0.0,0.0,0.0,0.0,0.0,0.0,0.4884189325276938,1
0.1111111111111111,0.014492753623188406,0.047619047619047616,0.0007396449704142012,0.0,0.0,0.0,0.0,0.0,0.0,0.0,0.0,0.0,0.0,0.0,0.0,0.3159617321248741,0
0.0,0.0,0.047619047619047616,0.0007396449704142012,0.0,0.0,0.25,0.009259259259259259,0.0,0.0,0.3333333333333333,0.025,0.0,0.0,0.0,0.0,0.5954179254783485,3
0.0,0.0,0.09523809523809523,0.004437869822485207,0.5,0.01282051282051282,0.5,0.037037037037037035,0.0,0.0,0.3333333333333333,1.0,1.0,1.0,1.0,1.0,0.6777442094662639,-1
0.0,0.0,0.09523809523809523,0.0014792899408284023,0.5,0.02564102564102564,0.5,0.027777777777777776,0.0,0.0,0.0,0.0,0.0,0.0,0.0,0.0,0.526183282980866,1
0.1111111111111111,0.014492753623188406,0.14285714285714285,0.0029585798816568047,0.5,0.01282051282051282,0.25,0.018518518518518517,0.0,0.0,0.0,0.0,0.0,0.0,0.0,0.0,0.49446122860020136,1
0.0,0.0,0.09523809523809523,0.0022189349112426036,0.0,0.0,0.75,0.07407407407407407,0.0,0.0,0.0,0.0,0.0,0.0,0.0,0.0,0.4705438066465257,0
0.2222222222222222,0.043478260869565216,0.19047619047619047,0.005917159763313609,0.0,0.0,0.5,0.046296296296296294,0.0,0.0,0.3333333333333333,0.025,0.0,0.0,0.0,0.0,0.5689828801611279,3
0.1111111111111111,0.014492753623188406,0.19047619047619047,0.005917159763313609,0.0,0.0,0.25,0.009259259259259259,0.0,0.0,0.3333333333333333,0.025,0.0,0.0,0.0,0.0,0.36027190332326287,3
0.1111111111111111,0.014492753623188406,0.23809523809523808,0.016272189349112426,0.0,0.0,0.5,0.10185185185185185,0.0,0.0,0.3333333333333333,0.025,0.0,0.0,0.0,0.0,0.6321752265861027,3
0.2222222222222222,0.10144927536231885,0.09523809523809523,0.005177514792899408,0.0,0.0,0.5,0.06481481481481481,0.0,0.0,0.3333333333333333,0.025,0.0,0.0,0.0,0.0,0.5347432024169184,3
0.1111111111111111,0.014492753623188406,0.14285714285714285,0.0022189349112426036,0.0,0.0,0.25,0.018518518518518517,0.0,0.0,0.0,0.0,0.0,0.0,0.0,0.0,0.5025176233635448,0
0.0,0.0,0.14285714285714285,0.005177514792899408,0.0,0.0,0.75,0.09259259259259259,0.0,0.0,0.0,0.0,0.0,0.0,0.0,0.0,0.5216515609264855,0
0.0,0.0,0.14285714285714285,0.0029585798816568047,0.0,0.0,0.25,0.018518518518518517,0.0,0.0,0.0,0.0,0.0,0.0,0.0,0.0,0.4511581067472306,0
0.0,0.0,0.09523809523809523,0.0007396449704142012,0.0,0.0,0.25,0.009259259259259259,0.0,0.0,0.0,0.0,0.0,0.0,1.0,0.07692307692307693,0.3824269889224572,-1
0.1111111111111111,0.014492753623188406,0.2857142857142857,0.009615384615384616,0.0,0.0,0.25,0.08333333333333333,0.0,0.0,0.3333333333333333,0.025,0.0,0.0,0.0,0.0,0.5234138972809668,3
0.2222222222222222,0.10144927536231885,0.2857142857142857,0.01257396449704142,0.0,0.0,0.25,0.046296296296296294,1.0,1.0,0.3333333333333333,0.05,0.0,0.0,0.0,0.0,0.5251762336354481,-1
0.0,0.0,0.047619047619047616,0.0007396449704142012,0.0,0.0,0.25,0.018518518518518517,0.0,0.0,0.0,0.0,0.0,0.0,0.0,0.0,0.5803121852970796,0
0.0,0.0,0.047619047619047616,0.0014792899408284023,0.0,0.0,0.0,0.0,0.0,0.0,0.0,0.0,0.0,0.0,0.0,0.0,0.21273917421953675,0
0.1111111111111111,0.014492753623188406,0.09523809523809523,0.0014792899408284023,0.0,0.0,0.0,0.0,0.0,0.0,0.0,0.0,0.0,0.0,0.0,0.0,0.4748237663645518,0
0.0,0.0,0.047619047619047616,0.0036982248520710057,0.5,0.02564102564102564,0.5,0.05555555555555555,0.0,0.0,0.0,0.0,0.0,0.0,0.0,0.0,0.3824269889224572,1
0.2222222222222222,0.028985507246376812,0.047619047619047616,0.0007396449704142012,0.0,0.0,0.25,0.018518518518518517,0.0,0.0,0.0,0.0,0.0,0.0,0.0,0.0,0.6744712990936556,0
0.0,0.0,0.047619047619047616,0.0022189349112426036,0.0,0.0,0.5,0.06481481481481481,0.0,0.0,0.3333333333333333,0.025,0.0,0.0,0.0,0.0,0.4690332326283988,3
0.0,0.0,0.09523809523809523,0.0014792899408284023,0.0,0.0,0.25,0.027777777777777776,0.0,0.0,0.3333333333333333,0.225,0.0,0.0,1.0,0.15384615384615385,0.6369587109768378,-1
0.1111111111111111,0.028985507246376812,0.19047619047619047,0.005917159763313609,0.0,0.0,0.5,0.05555555555555555,0.0,0.0,0.3333333333333333,0.025,0.0,0.0,0.0,0.0,0.4919436052366566,3
0.0,0.0,0.09523809523809523,0.0029585798816568047,0.5,0.02564102564102564,0.75,0.046296296296296294,0.0,0.0,0.3333333333333333,0.05,0.0,0.0,0.0,0.0,0.5775427995971802,-1
0.0,0.0,0.047619047619047616,0.0007396449704142012,0.0,0.0,0.25,0.009259259259259259,0.0,0.0,0.0,0.0,0.0,0.0,0.0,0.0,0.3789023162134944,0
0.1111111111111111,0.014492753623188406,0.14285714285714285,0.005917159763313609,0.5,0.01282051282051282,0.25,0.018518518518518517,0.0,0.0,0.0,0.0,0.0,0.0,0.0,0.0,0.43403826787512584,1
0.2222222222222222,0.043478260869565216,0.14285714285714285,0.011094674556213017,0.0,0.0,0.25,0.018518518518518517,0.0,0.0,0.0,0.0,0.0,0.0,0.0,0.0,0.5188821752265861,0
0.0,0.0,0.047619047619047616,0.0007396449704142012,0.5,0.01282051282051282,0.25,0.009259259259259259,0.0,0.0,0.0,0.0,0.0,0.0,1.0,0.038461538461538464,0.4564451158106747,-1
0.1111111111111111,0.014492753623188406,0.09523809523809523,0.0014792899408284023,0.0,0.0,0.0,0.0,0.0,0.0,0.0,0.0,0.0,0.0,0.0,0.0,0.4360523665659617,0
0.1111111111111111,0.028985507246376812,0.19047619047619047,0.005917159763313609,0.0,0.0,0.25,0.018518518518518517,0.0,0.0,0.3333333333333333,0.025,0.0,0.0,0.0,0.0,0.4209466263846928,3
0.2222222222222222,0.043478260869565216,0.23809523809523808,0.010355029585798816,0.0,0.0,0.25,0.10185185185185185,0.0,0.0,0.3333333333333333,0.025,0.0,0.0,0.0,0.0,0.4954682779456193,3
0.2222222222222222,0.08695652173913043,0.14285714285714285,0.006656804733727811,0.0,0.0,1.0,0.037037037037037035,0.0,0.0,0.3333333333333333,0.025,0.0,0.0,0.0,0.0,0.5168680765357502,3
0.2222222222222222,0.028985507246376812,0.2857142857142857,0.006656804733727811,0.0,0.0,0.25,0.037037037037037035,0.0,0.0,0.6666666666666666,0.05,0.0,0.0,0.0,0.0,0.5045317220543807,2
0.2222222222222222,0.028985507246376812,0.09523809523809523,0.0029585798816568047,0.0,0.0,0.25,0.027777777777777776,0.0,0.0,0.0,0.0,0.0,0.0,0.0,0.0,0.5269385699899295,0
0.2222222222222222,0.028985507246376812,0.14285714285714285,0.0073964497041420114,1.0,0.0641025641025641,0.5,0.06481481481481481,0.0,0.0,0.3333333333333333,0.025,0.0,0.0,0.0,0.0,0.6180765357502518,-1
0.1111111111111111,0.014492753623188406,0.09523809523809523,0.0014792899408284023,0.0,0.0,0.0,0.0,0.0,0.0,0.0,0.0,0.0,0.0,0.0,0.0,0.3159617321248741,0
0.2222222222222222,0.028985507246376812,0.19047619047619047,0.0036982248520710057,0.0,0.0,0.5,0.018518518518518517,0.0,0.0,0.0,0.0,0.0,0.0,0.0,0.0,0.505790533736153,0
0.1111111111111111,0.028985507246376812,0.09523809523809523,0.004437869822485207,0.0,0.0,0.25,0.037037037037037035,0.0,0.0,0.0,0.0,0.0,0.0,0.0,0.0,0.5002517623363545,0
0.2222222222222222,0.028985507246376812,0.09523809523809523,0.0014792899408284023,0.0,0.0,0.0,0.0,0.0,0.0,0.0,0.0,0.0,0.0,0.0,0.0,0.4438569989929506,0
0.2222222222222222,0.028985507246376812,0.09523809523809523,0.004437869822485207,0.0,0.0,0.25,0.018518518518518517,0.0,0.0,0.3333333333333333,0.05,0.0,0.0,0.0,0.0,0.5921450151057401,3
0.1111111111111111,0.014492753623188406,0.19047619047619047,0.0036982248520710057,0.0,0.0,0.5,0.027777777777777776,0.0,0.0,0.3333333333333333,0.025,0.0,0.0,0.0,0.0,0.44587109768378647,3
0.0,0.0,0.047619047619047616,0.0007396449704142012,0.0,0.0,0.25,0.009259259259259259,0.0,0.0,0.0,0.0,0.0,0.0,0.0,0.0,0.28851963746223563,0
0.0,0.0,0.09523809523809523,0.0014792899408284023,0.0,0.0,0.0,0.0,0.0,0.0,0.0,0.0,0.0,0.0,1.0,0.07692307692307693,0.452920443101712,-1
0.2222222222222222,0.028985507246376812,0.19047619047619047,0.0029585798816568047,0.5,0.01282051282051282,0.25,0.009259259259259259,0.0,0.0,0.0,0.0,0.0,0.0,0.0,0.0,0.4906847935548842,1
0.1111111111111111,0.014492753623188406,0.14285714285714285,0.004437869822485207,0.0,0.0,0.25,0.037037037037037035,0.0,0.0,0.3333333333333333,0.025,0.0,0.0,0.0,0.0,0.4778449144008056,3
0.0,0.0,0.047619047619047616,0.0007396449704142012,0.0,0.0,0.0,0.0,0.0,0.0,0.0,0.0,0.0,0.0,0.0,0.0,0.3519637462235649,0
0.2222222222222222,0.10144927536231885,0.2857142857142857,0.01257396449704142,0.5,0.02564102564102564,0.5,0.037037037037037035,0.0,0.0,0.3333333333333333,0.05,0.0,0.0,0.0,0.0,0.4919436052366566,-1
0.1111111111111111,0.014492753623188406,0.14285714285714285,0.0029585798816568047,0.0,0.0,0.25,0.018518518518518517,0.0,0.0,0.3333333333333333,0.025,0.0,0.0,0.0,0.0,0.43202416918429,3
0.0,0.0,0.09523809523809523,0.0029585798816568047,0.0,0.0,0.5,0.046296296296296294,0.0,0.0,0.0,0.0,0.0,0.0,0.0,0.0,0.48942598187311176,0
0.0,0.0,0.09523809523809523,0.0014792899408284023,0.0,0.0,0.25,0.009259259259259259,0.0,0.0,0.0,0.0,0.0,0.0,0.0,0.0,0.19587109768378652,0
0.0,0.0,0.14285714285714285,0.009615384615384616,0.0,0.0,0.25,0.018518518518518517,0.0,0.0,0.0,0.0,0.0,0.0,0.0,0.0,0.452920443101712,0
0.0,0.0,0.09523809523809523,0.0029585798816568047,0.0,0.0,0.25,0.009259259259259259,0.0,0.0,0.0,0.0,0.0,0.0,0.0,0.0,0.5088116817724068,0
0.1111111111111111,0.014492753623188406,0.09523809523809523,0.0029585798816568047,0.0,0.0,0.25,0.027777777777777776,0.0,0.0,0.3333333333333333,0.025,0.0,0.0,0.0,0.0,0.47205438066465255,3
0.0,0.0,0.09523809523809523,0.0029585798816568047,0.0,0.0,0.25,0.027777777777777776,0.0,0.0,0.0,0.0,0.0,0.0,0.0,0.0,0.5108257804632427,0
0.0,0.0,0.19047619047619047,0.0036982248520710057,0.5,0.01282051282051282,0.5,0.027777777777777776,0.0,0.0,0.0,0.0,0.0,0.0,0.0,0.0,0.34290030211480366,1
0.1111111111111111,0.014492753623188406,0.23809523809523808,0.009615384615384616,0.0,0.0,0.5,0.08333333333333333,0.0,0.0,0.0,0.0,0.0,0.0,0.0,0.0,0.48942598187311176,0
0.1111111111111111,0.014492753623188406,0.047619047619047616,0.0007396449704142012,0.0,0.0,0.0,0.0,0.0,0.0,0.0,0.0,0.0,0.0,0.0,0.0,0.43001007049345413,0
0.0,0.0,0.14285714285714285,0.006656804733727811,0.0,0.0,0.5,0.05555555555555555,0.0,0.0,0.0,0.0,0.0,0.0,0.0,0.0,0.6137965760322256,0
0.1111111111111111,0.014492753623188406,0.09523809523809523,0.0014792899408284023,0.0,0.0,0.0,0.0,0.0,0.0,0.0,0.0,0.0,0.0,0.0,0.0,0.5478348439073515,0
0.1111111111111111,0.014492753623188406,0.09523809523809523,0.0014792899408284023,0.0,0.0,0.25,0.009259259259259259,0.0,0.0,0.0,0.0,0.0,0.0,0.0,0.0,0.36430010070493457,0
0.2222222222222222,0.08695652173913043,0.2857142857142857,0.014053254437869821,0.0,0.0,0.25,0.009259259259259259,0.0,0.0,0.3333333333333333,0.025,0.0,0.0,0.0,0.0,0.5148539778449144,3
0.1111111111111111,0.014492753623188406,0.14285714285714285,0.0022189349112426036,0.0,0.0,0.25,0.009259259259259259,0.0,0.0,0.0,0.0,0.0,0.0,0.0,0.0,0.34743202416918423,0
0.2222222222222222,0.028985507246376812,0.23809523809523808,0.0036982248520710057,0.0,0.0,0.25,0.018518518518518517,0.0,0.0,0.3333333333333333,0.025,0.0,0.0,0.0,0.0,0.49320241691842903,3
0.0,0.0,0.047619047619047616,0.0007396449704142012,0.0,0.0,0.25,0.009259259259259259,0.0,0.0,0.0,0.0,0.0,0.0,0.0,0.0,0.4690332326283988,0
0.1111111111111111,0.014492753623188406,0.19047619047619047,0.0036982248520710057,0.0,0.0,0.25,0.09259259259259259,0.0,0.0,0.0,0.0,0.0,0.0,0.0,0.0,0.3824269889224572,0
0.1111111111111111,0.014492753623188406,0.047619047619047616,0.0007396449704142012,0.0,0.0,0.0,0.0,0.0,0.0,0.0,0.0,0.0,0.0,0.0,0.0,0.5730110775427996,0
0.1111111111111111,0.014492753623188406,0.3333333333333333,0.04142011834319526,0.0,0.0,0.5,0.05555555555555555,0.0,0.0,0.0,0.0,0.0,0.0,0.0,0.0,0.7361530715005035,0
0.1111111111111111,0.014492753623188406,0.14285714285714285,0.005177514792899408,0.0,0.0,0.5,0.037037037037037035,0.0,0.0,0.6666666666666666,0.05,0.0,0.0,0.0,0.0,0.4086102719033233,2
0.0,0.0,0.14285714285714285,0.0036982248520710057,0.0,0.0,0.25,0.037037037037037035,0.0,0.0,0.0,0.0,0.0,0.0,0.0,0.0,0.4763343403826787,0
0.2222222222222222,0.028985507246376812,0.14285714285714285,0.0036982248520710057,0.0,0.0,0.25,0.018518518518518517,0.0,0.0,0.3333333333333333,0.025,0.0,0.0,0.0,0.0,0.3824269889224572,3
0.1111111111111111,0.014492753623188406,0.14285714285714285,0.004437869822485207,0.0,0.0,0.0,0.0,0.0,0.0,0.0,0.0,0.0,0.0,0.0,0.0,0.5720040281973816,0
0.0,0.0,0.09523809523809523,0.004437869822485207,0.5,0.01282051282051282,0.75,0.09259259259259259,0.0,0.0,0.0,0.0,0.0,0.0,0.0,0.0,0.5521148036253777,1
0.2222222222222222,0.043478260869565216,0.14285714285714285,0.0022189349112426036,0.0,0.0,0.25,0.018518518518518517,1.0,1.0,0.3333333333333333,0.025,0.0,0.0,0.0,0.0,0.506797583081571,-1
0.0,0.0,0.14285714285714285,0.0029585798816568047,0.0,0.0,0.25,0.009259259259259259,0.0,0.0,0.0,0.0,0.0,0.0,0.0,0.0,0.4493957703927492,0
0.0,0.0,0.047619047619047616,0.0029585798816568047,0.0,0.0,0.25,0.018518518518518517,0.0,0.0,0.0,0.0,0.0,0.0,0.0,0.0,0.46299093655589124,0
0.2222222222222222,0.10144927536231885,0.14285714285714285,0.0029585798816568047,0.5,0.05128205128205128,0.25,0.009259259259259259,0.0,0.0,0.3333333333333333,0.025,0.0,0.0,1.0,0.07692307692307693,0.6160624370594159,-1
0.1111111111111111,0.014492753623188406,0.14285714285714285,0.0036982248520710057,0.0,0.0,0.25,0.018518518518518517,0.0,0.0,0.3333333333333333,0.025,0.0,0.0,0.0,0.0,0.4645015105740181,3
0.1111111111111111,0.014492753623188406,0.09523809523809523,0.0022189349112426036,0.0,0.0,0.25,0.018518518518518517,0.0,0.0,0.0,0.0,0.0,0.0,0.0,0.0,0.26208459214501506,0
0.2222222222222222,0.15942028985507248,0.14285714285714285,0.005177514792899408,0.5,0.07692307692307693,0.0,0.0,0.0,0.0,0.0,0.0,0.0,0.0,0.0,0.0,0.541792547834844,1
0.1111111111111111,0.014492753623188406,0.14285714285714285,0.0036982248520710057,0.0,0.0,0.25,0.027777777777777776,0.0,0.0,0.3333333333333333,0.025,0.0,0.0,0.0,0.0,0.30966767371601206,3
0.0,0.0,0.047619047619047616,0.0007396449704142012,0.0,0.0,0.5,0.027777777777777776,0.0,0.0,0.0,0.0,0.0,0.0,0.0,0.0,0.5614300100704934,0
0.2222222222222222,0.10144927536231885,0.2857142857142857,0.013313609467455622,0.0,0.0,0.25,0.027777777777777776,0.0,0.0,0.6666666666666666,0.05,0.0,0.0,0.0,0.0,0.6306646525679758,2
0.0,0.0,0.09523809523809523,0.0014792899408284023,0.0,0.0,0.25,0.009259259259259259,0.0,0.0,0.0,0.0,0.0,0.0,0.0,0.0,0.4690332326283988,0
0.0,0.0,0.047619047619047616,0.0007396449704142012,0.0,0.0,0.0,0.0,0.0,0.0,0.0,0.0,0.0,0.0,0.0,0.0,0.526183282980866,0
0.0,0.0,0.14285714285714285,0.005177514792899408,0.5,0.01282051282051282,0.75,0.07407407407407407,0.0,0.0,0.0,0.0,0.0,0.0,0.0,0.0,0.526183282980866,1
0.1111111111111111,0.014492753623188406,0.14285714285714285,0.0022189349112426036,0.0,0.0,0.25,0.009259259259259259,0.0,0.0,0.0,0.0,0.0,0.0,0.0,0.0,0.34290030211480366,0
0.1111111111111111,0.014492753623188406,0.047619047619047616,0.0007396449704142012,0.0,0.0,0.0,0.0,0.0,0.0,0.0,0.0,0.0,0.0,0.0,0.0,0.41868076535750254,0
0.1111111111111111,0.21739130434782608,0.23809523809523808,0.045118343195266274,0.0,0.0,0.5,0.018518518518518517,0.0,0.0,0.0,0.0,0.0,0.0,0.0,0.0,0.7359013091641491,0
0.1111111111111111,0.014492753623188406,0.19047619047619047,0.0036982248520710057,0.0,0.0,0.25,0.018518518518518517,0.0,0.0,0.0,0.0,0.0,0.0,0.0,0.0,0.36807653575025173,0
0.0,0.0,0.09523809523809523,0.0022189349112426036,0.0,0.0,0.5,0.018518518518518517,0.0,0.0,0.0,0.0,0.0,0.0,0.0,0.0,0.3328298086606244,0
0.0,0.0,0.09523809523809523,0.0022189349112426036,0.0,0.0,0.25,0.018518518518518517,0.0,0.0,0.0,0.0,0.0,0.0,0.0,0.0,0.29607250755287007,0
0.2222222222222222,0.028985507246376812,0.14285714285714285,0.0022189349112426036,0.0,0.0,0.25,0.018518518518518517,0.0,0.0,0.3333333333333333,0.025,0.0,0.0,0.0,0.0,0.459718026183283,3
0.0,0.0,0.23809523809523808,0.004437869822485207,0.0,0.0,0.75,0.06481481481481481,0.0,0.0,0.0,0.0,0.0,0.0,0.0,0.0,0.34290030211480366,0
0.1111111111111111,0.014492753623188406,0.14285714285714285,0.004437869822485207,0.0,0.0,0.25,0.027777777777777776,0.0,0.0,0.3333333333333333,0.025,0.0,0.0,0.0,0.0,0.4564451158106747,3
0.2222222222222222,0.043478260869565216,0.23809523809523808,0.005917159763313609,0.0,0.0,0.25,0.027777777777777776,0.0,0.0,0.3333333333333333,0.05,0.0,0.0,0.0,0.0,0.4564451158106747,3
0.2222222222222222,0.028985507246376812,0.14285714285714285,0.0029585798816568047,0.0,0.0,0.25,0.027777777777777776,0.0,0.0,0.3333333333333333,0.025,0.0,0.0,0.0,0.0,0.5226586102719033,3
0.1111111111111111,0.057971014492753624,0.23809523809523808,0.008136094674556213,0.5,0.05128205128205128,0.5,0.046296296296296294,0.0,0.0,0.6666666666666666,0.025,0.0,0.0,0.0,0.0,0.5269385699899295,-1
0.2222222222222222,0.028985507246376812,0.14285714285714285,0.0036982248520710057,0.0,0.0,0.25,0.027777777777777776,0.0,0.0,0.3333333333333333,0.025,0.0,0.0,0.0,0.0,0.6044813695871097,3
0.1111111111111111,0.014492753623188406,0.09523809523809523,0.0014792899408284023,0.0,0.0,0.0,0.0,0.0,0.0,0.0,0.0,0.0,0.0,0.0,0.0,0.35624370594159116,0
0.0,0.0,0.09523809523809523,0.0014792899408284023,0.0,0.0,0.0,0.0,0.0,0.0,0.0,0.0,0.0,0.0,0.0,0.0,0.15156092648539776,0
0.1111111111111111,0.014492753623188406,0.19047619047619047,0.0029585798816568047,0.0,0.0,0.25,0.018518518518518517,0.0,0.0,0.3333333333333333,0.025,0.0,0.0,0.0,0.0,0.46752265861027187,3
0.0,0.0,0.09523809523809523,0.06878698224852071,0.0,0.0,0.0,0.0,0.0,0.0,0.0,0.0,0.0,0.0,1.0,0.11538461538461539,0.890735146022155,-1
0.1111111111111111,0.014492753623188406,0.09523809523809523,0.0014792899408284023,0.0,0.0,0.25,0.018518518518518517,0.0,0.0,0.0,0.0,0.0,0.0,0.0,0.0,0.5108257804632427,0
0.1111111111111111,0.014492753623188406,0.09523809523809523,0.0022189349112426036,0.0,0.0,0.25,0.027777777777777776,0.0,0.0,0.0,0.0,0.0,0.0,0.0,0.0,0.4763343403826787,0
0.0,0.0,0.047619047619047616,0.0007396449704142012,0.0,0.0,0.0,0.0,0.0,0.0,0.0,0.0,0.0,0.0,0.0,0.0,0.5347432024169184,0
0.0,0.0,0.14285714285714285,0.004437869822485207,0.0,0.0,0.25,0.027777777777777776,0.0,0.0,0.0,0.0,0.0,0.0,0.0,0.0,0.3031218529707955,0
0.0,0.0,0.09523809523809523,0.0022189349112426036,0.5,0.01282051282051282,0.5,0.027777777777777776,0.0,0.0,0.0,0.0,0.0,0.0,0.0,0.0,0.371852970795569,1
0.1111111111111111,0.11594202898550725,0.14285714285714285,0.005177514792899408,0.0,0.0,0.25,0.027777777777777776,0.0,0.0,0.3333333333333333,0.025,0.0,0.0,0.0,0.0,0.697129909365559,3
0.0,0.0,0.047619047619047616,0.0007396449704142012,0.0,0.0,0.5,0.018518518518518517,0.0,0.0,0.0,0.0,0.0,0.0,0.0,0.0,0.47205438066465255,0
0.1111111111111111,0.014492753623188406,0.23809523809523808,0.005177514792899408,0.5,0.01282051282051282,1.0,0.09259259259259259,0.0,0.0,0.0,0.0,0.0,0.0,0.0,0.0,0.5395266868076535,1
0.0,0.0,0.047619047619047616,0.0022189349112426036,0.5,0.02564102564102564,0.5,0.037037037037037035,0.0,0.0,0.0,0.0,0.0,0.0,0.0,0.0,0.37537764350453173,1
0.0,0.0,0.047619047619047616,0.0007396449704142012,0.0,0.0,0.5,0.009259259259259259,0.0,0.0,0.0,0.0,0.0,0.0,0.0,0.0,0.1200906344410876,0
0.2222222222222222,0.014492753623188406,0.0,0.0,0.0,0.0,0.0,0.0,0.0,0.0,0.0,0.0,0.0,0.0,0.0,0.0,0.41868076535750254,0
0.1111111111111111,0.014492753623188406,0.14285714285714285,0.005177514792899408,0.0,0.0,0.5,0.05555555555555555,0.0,0.0,0.3333333333333333,0.025,0.0,0.0,0.0,0.0,0.4843907351460221,3
0.2222222222222222,0.043478260869565216,0.14285714285714285,0.0036982248520710057,0.0,0.0,0.5,0.027777777777777776,0.0,0.0,0.6666666666666666,0.05,0.0,0.0,0.0,0.0,0.4582074521651561,2
0.1111111111111111,0.014492753623188406,0.047619047619047616,0.0029585798816568047,0.0,0.0,0.25,0.037037037037037035,0.0,0.0,0.0,0.0,0.0,0.0,0.0,0.0,0.5798086606243705,0
0.0,0.0,0.047619047619047616,0.0007396449704142012,0.0,0.0,0.25,0.009259259259259259,0.0,0.0,0.0,0.0,0.0,0.0,0.0,0.0,0.2804632426988923,0
0.1111111111111111,0.014492753623188406,0.19047619047619047,0.0036982248520710057,0.0,0.0,0.25,0.018518518518518517,0.0,0.0,0.3333333333333333,0.025,0.0,0.0,0.0,0.0,0.4614803625377643,3
0.1111111111111111,0.014492753623188406,0.09523809523809523,0.0022189349112426036,0.0,0.0,0.0,0.0,0.0,0.0,0.0,0.0,0.0,0.0,0.0,0.0,0.38872104733131924,0
0.0,0.0,0.047619047619047616,0.0007396449704142012,0.0,0.0,0.0,0.0,0.0,0.0,0.0,0.0,0.0,0.0,0.0,0.0,0.25176233635448136,0
0.1111111111111111,0.014492753623188406,0.14285714285714285,0.005917159763313609,0.0,0.0,0.25,0.046296296296296294,0.0,0.0,0.3333333333333333,0.025,0.0,0.0,0.0,0.0,0.4778449144008056,3
0.2222222222222222,0.028985507246376812,0.14285714285714285,0.0022189349112426036,0.0,0.0,0.0,0.0,0.0,0.0,0.0,0.0,0.0,0.0,0.0,0.0,0.526183282980866,0
0.0,0.0,0.09523809523809523,0.0014792899408284023,0.0,0.0,0.25,0.027777777777777776,0.0,0.0,0.3333333333333333,0.1,0.0,0.0,0.0,0.0,0.6112789526686807,3
0.1111111111111111,0.014492753623188406,0.09523809523809523,0.0014792899408284023,0.0,0.0,0.25,0.06481481481481481,0.0,0.0,0.0,0.0,0.0,0.0,0.0,0.0,0.5830815709969788,0
0.1111111111111111,0.014492753623188406,0.23809523809523808,0.0073964497041420114,0.0,0.0,0.25,0.046296296296296294,0.0,0.0,0.0,0.0,0.0,0.0,0.0,0.0,0.5025176233635448,0
0.2222222222222222,0.057971014492753624,0.19047619047619047,0.0029585798816568047,0.0,0.0,0.25,0.027777777777777776,0.0,0.0,0.3333333333333333,0.025,0.0,0.0,0.0,0.0,0.5025176233635448,3
0.1111111111111111,0.014492753623188406,0.3333333333333333,0.009615384615384616,0.0,0.0,0.25,0.046296296296296294,0.0,0.0,0.0,0.0,0.0,0.0,0.0,0.0,0.5707452165156093,0
0.2222222222222222,0.028985507246376812,0.14285714285714285,0.004437869822485207,0.0,0.0,0.25,0.037037037037037035,0.0,0.0,0.3333333333333333,0.025,0.0,0.0,0.0,0.0,0.4748237663645518,3
0.0,0.0,0.047619047619047616,0.0029585798816568047,0.5,0.01282051282051282,0.5,0.046296296296296294,0.0,0.0,0.0,0.0,0.0,0.0,0.0,0.0,0.36027190332326287,1
0.0,0.0,0.19047619047619047,0.0022189349112426036,0.0,0.0,0.25,0.018518518518518517,0.0,0.0,0.3333333333333333,0.025,0.0,0.0,0.0,0.0,0.25176233635448136,3
0.0,0.0,0.09523809523809523,0.0036982248520710057,0.0,0.0,0.0,0.0,0.0,0.0,0.3333333333333333,0.025,0.0,0.0,1.0,0.07692307692307693,0.5629405840886204,-1
0.2222222222222222,0.043478260869565216,0.19047619047619047,0.005177514792899408,0.0,0.0,0.25,0.027777777777777776,0.0,0.0,0.3333333333333333,0.025,0.0,0.0,0.0,0.0,0.5959214501510574,3
0.0,0.0,0.09523809523809523,0.0014792899408284023,0.0,0.0,0.25,0.018518518518518517,0.0,0.0,0.0,0.0,0.0,0.0,0.0,0.0,0.19587109768378652,0
0.1111111111111111,0.014492753623188406,0.14285714285714285,0.0029585798816568047,0.0,0.0,0.25,0.009259259259259259,0.0,0.0,0.0,0.0,0.0,0.0,0.0,0.0,0.337865055387714,0
0.1111111111111111,0.014492753623188406,0.14285714285714285,0.009615384615384616,0.0,0.0,0.25,0.009259259259259259,0.0,0.0,0.0,0.0,0.0,0.0,0.0,0.0,0.3947633434038268,0
0.1111111111111111,0.014492753623188406,0.09523809523809523,0.0014792899408284023,0.0,0.0,0.25,0.018518518518518517,0.0,0.0,0.0,0.0,0.0,0.0,0.0,0.0,0.4136455186304129,0
0.0,0.0,0.047619047619047616,0.0022189349112426036,0.0,0.0,0.0,0.0,0.0,0.0,0.0,0.0,0.0,0.0,0.0,0.0,0.4254783484390735,0
0.0,0.0,0.0,0.0,0.0,0.0,0.25,0.018518518518518517,0.0,0.0,0.3333333333333333,0.1,0.0,0.0,0.0,0.0,0.6419939577039274,3
0.0,0.0,0.14285714285714285,0.0029585798816568047,0.5,0.05128205128205128,0.25,0.009259259259259259,0.0,0.0,0.0,0.0,0.0,0.0,0.0,0.0,0.5664652567975831,1
0.2222222222222222,0.028985507246376812,0.19047619047619047,0.0036982248520710057,0.0,0.0,0.25,0.018518518518518517,0.0,0.0,0.3333333333333333,0.025,0.0,0.0,0.0,0.0,0.4209466263846928,3
0.1111111111111111,0.014492753623188406,0.09523809523809523,0.0014792899408284023,0.0,0.0,0.0,0.0,0.0,0.0,0.0,0.0,0.0,0.0,0.0,0.0,0.44587109768378647,0
0.1111111111111111,0.014492753623188406,0.09523809523809523,0.0029585798816568047,0.0,0.0,0.75,0.037037037037037035,0.0,0.0,0.0,0.0,0.0,0.0,0.0,0.0,0.3519637462235649,0
0.1111111111111111,0.014492753623188406,0.047619047619047616,0.0007396449704142012,0.0,0.0,0.0,0.0,0.0,0.0,0.0,0.0,0.0,0.0,0.0,0.0,0.4033232628398792,0
0.1111111111111111,0.014492753623188406,0.14285714285714285,0.004437869822485207,0.0,0.0,0.5,0.05555555555555555,0.0,0.0,0.3333333333333333,0.025,0.0,0.0,0.0,0.0,0.4843907351460221,3
0.1111111111111111,0.014492753623188406,0.14285714285714285,0.0036982248520710057,0.0,0.0,0.25,0.027777777777777776,0.0,0.0,0.3333333333333333,0.025,0.0,0.0,0.0,0.0,0.4906847935548842,3
0.4444444444444444,0.13043478260869565,0.42857142857142855,0.026627218934911243,0.5,0.01282051282051282,1.0,0.23148148148148145,0.0,0.0,0.3333333333333333,0.025,0.0,0.0,0.0,0.0,0.6812688821752265,-1
0.0,0.0,0.09523809523809523,0.0029585798816568047,0.0,0.0,0.5,0.05555555555555555,0.0,0.0,0.3333333333333333,0.025,0.0,0.0,0.0,0.0,0.4705438066465257,3
0.0,0.0,0.047619047619047616,0.0022189349112426036,0.0,0.0,0.5,0.037037037037037035,0.0,0.0,0.0,0.0,0.0,0.0,0.0,0.0,0.34743202416918423,0
0.0,0.0,0.047619047619047616,0.0022189349112426036,0.0,0.0,0.5,0.05555555555555555,0.0,0.0,0.3333333333333333,0.025,0.0,0.0,0.0,0.0,0.4705438066465257,3
0.0,0.0,0.047619047619047616,0.0007396449704142012,0.0,0.0,0.75,0.027777777777777776,0.0,0.0,0.0,0.0,0.0,0.0,0.0,0.0,0.43202416918429,0
0.2222222222222222,0.028985507246376812,0.3333333333333333,0.023668639053254437,0.0,0.0,0.5,0.027777777777777776,0.0,0.0,0.0,0.0,0.0,0.0,0.0,0.0,0.5178751258811681,0
0.0,0.0,0.047619047619047616,0.0007396449704142012,0.0,0.0,0.25,0.009259259259259259,0.0,0.0,0.0,0.0,0.0,0.0,0.0,0.0,0.574773413897281,0
0.0,0.0,0.09523809523809523,0.006656804733727811,0.0,0.0,0.25,0.07407407407407407,0.0,0.0,0.0,0.0,0.0,0.0,0.0,0.0,0.5118328298086606,0
0.2222222222222222,0.028985507246376812,0.2857142857142857,0.0073964497041420114,0.0,0.0,0.25,0.037037037037037035,0.0,0.0,0.3333333333333333,0.025,0.0,0.0,0.0,0.0,0.5025176233635448,3
0.0,0.0,0.14285714285714285,0.019230769230769232,0.0,0.0,0.0,0.0,0.0,0.0,0.0,0.0,0.0,0.0,0.0,0.0,0.5911379657603222,0
0.3333333333333333,0.057971014492753624,0.19047619047619047,0.004437869822485207,0.0,0.0,0.75,0.046296296296296294,0.0,0.0,0.0,0.0,0.0,0.0,0.0,0.0,0.5035246727089627,0
0.0,0.0,0.047619047619047616,0.0007396449704142012,0.0,0.0,0.5,0.018518518518518517,0.0,0.0,0.0,0.0,0.0,0.0,0.0,0.0,0.35624370594159116,0
0.0,0.0,0.047619047619047616,0.0014792899408284023,0.0,0.0,0.5,0.027777777777777776,0.0,0.0,0.0,0.0,0.0,0.0,0.0,0.0,0.4511581067472306,0
0.1111111111111111,0.014492753623188406,0.09523809523809523,0.0014792899408284023,0.0,0.0,0.0,0.0,0.0,0.0,0.0,0.0,0.0,0.0,0.0,0.0,0.4511581067472306,0
0.1111111111111111,0.014492753623188406,0.19047619047619047,0.005917159763313609,0.0,0.0,0.5,0.06481481481481481,0.0,0.0,0.3333333333333333,0.025,0.0,0.0,0.0,0.0,0.4803625377643504,3
0.2222222222222222,0.028985507246376812,0.19047619047619047,0.0036982248520710057,0.0,0.0,0.25,0.018518518518518517,0.0,0.0,0.3333333333333333,0.025,0.0,0.0,0.0,0.0,0.337865055387714,3
0.1111111111111111,0.014492753623188406,0.19047619047619047,0.0036982248520710057,0.0,0.0,0.25,0.018518518518518517,0.0,0.0,0.3333333333333333,0.025,0.0,0.0,0.0,0.0,0.4906847935548842,3
0.2222222222222222,0.043478260869565216,0.14285714285714285,0.0036982248520710057,0.0,0.0,0.25,0.018518518518518517,0.0,0.0,0.3333333333333333,0.025,0.0,0.0,0.0,0.0,0.46752265861027187,3
0.1111111111111111,0.014492753623188406,0.09523809523809523,0.0014792899408284023,0.0,0.0,0.25,0.009259259259259259,0.0,0.0,0.0,0.0,0.0,0.0,0.0,0.0,0.43403826787512584,0
0.0,0.0,0.14285714285714285,0.0029585798816568047,0.5,0.01282051282051282,0.25,0.018518518518518517,0.0,0.0,0.0,0.0,0.0,0.0,0.0,0.0,0.30966767371601206,1
0.0,0.0,0.047619047619047616,0.0007396449704142012,0.0,0.0,0.5,0.037037037037037035,0.0,0.0,0.0,0.0,0.0,0.0,0.0,0.0,0.4614803625377643,0
0.0,0.0,0.047619047619047616,0.0007396449704142012,0.0,0.0,0.25,0.009259259259259259,0.0,0.0,0.0,0.0,0.0,0.0,0.0,0.0,0.17598187311178246,0
0.1111111111111111,0.028985507246376812,0.14285714285714285,0.0036982248520710057,0.0,0.0,0.75,0.09259259259259259,0.0,0.0,0.3333333333333333,0.025,0.0,0.0,0.0,0.0,0.5463242698892246,3
0.0,0.0,0.09523809523809523,0.0014792899408284023,0.0,0.0,0.25,0.009259259259259259,0.0,0.0,0.0,0.0,0.0,0.0,0.0,0.0,0.34743202416918423,0
0.1111111111111111,0.6376811594202899,0.3333333333333333,0.045118343195266274,0.0,0.0,0.25,0.09259259259259259,0.0,0.0,0.3333333333333333,0.025,0.0,0.0,0.0,0.0,0.606243705941591,-1
0.1111111111111111,0.014492753623188406,0.09523809523809523,0.0022189349112426036,0.0,0.0,0.25,0.018518518518518517,0.0,0.0,0.0,0.0,0.0,0.0,0.0,0.0,0.34290030211480366,0
0.0,0.0,0.14285714285714285,0.09467455621301775,0.5,0.01282051282051282,0.75,1.0,0.0,0.0,0.0,0.0,0.0,0.0,0.0,0.0,0.6581067472306142,-1
0.0,0.0,0.047619047619047616,0.0007396449704142012,0.0,0.0,0.25,0.009259259259259259,0.0,0.0,0.0,0.0,0.0,0.0,0.0,0.0,0.15156092648539776,0
0.0,0.0,0.14285714285714285,0.005177514792899408,1.0,0.02564102564102564,0.5,0.027777777777777776,0.0,0.0,0.0,0.0,0.0,0.0,0.0,0.0,0.4582074521651561,-1
0.0,0.0,0.09523809523809523,0.0036982248520710057,0.0,0.0,0.5,0.046296296296296294,0.0,0.0,0.0,0.0,0.0,0.0,0.0,0.0,0.4735649546827794,0
0.0,0.0,0.14285714285714285,0.0029585798816568047,0.0,0.0,0.5,0.037037037037037035,0.0,0.0,0.0,0.0,0.0,0.0,0.0,0.0,0.4735649546827794,0
0.0,0.0,0.09523809523809523,0.0022189349112426036,0.0,0.0,0.25,0.018518518518518517,0.0,0.0,0.0,0.0,0.0,0.0,0.0,0.0,0.36807653575025173,0
0.1111111111111111,0.014492753623188406,0.047619047619047616,0.0007396449704142012,0.0,0.0,0.0,0.0,0.0,0.0,0.0,0.0,0.0,0.0,0.0,0.0,0.3328298086606244,0
0.1111111111111111,0.014492753623188406,0.14285714285714285,0.0029585798816568047,0.0,0.0,0.25,0.018518518518518517,0.0,0.0,0.0,0.0,0.0,0.0,0.0,0.0,0.37537764350453173,0
0.0,0.0,0.19047619047619047,0.0036982248520710057,0.0,0.0,0.5,0.046296296296296294,0.0,0.0,0.0,0.0,0.0,0.0,0.0,0.0,0.4690332326283988,0
0.0,0.0,0.047619047619047616,0.0014792899408284023,0.0,0.0,0.25,0.018518518518518517,0.0,0.0,0.0,0.0,0.0,0.0,0.0,0.0,0.48564954682779454,0
0.1111111111111111,0.028985507246376812,0.2857142857142857,0.011834319526627219,0.5,0.01282051282051282,0.25,0.06481481481481481,0.0,0.0,0.6666666666666666,0.07500000000000001,0.0,0.0,0.0,0.0,0.6042296072507553,-1
0.0,0.0,0.14285714285714285,0.0029585798816568047,0.0,0.0,0.25,0.018518518518518517,0.0,0.0,0.3333333333333333,0.025,0.0,0.0,0.0,0.0,0.2716515609264854,3
0.2222222222222222,0.057971014492753624,0.14285714285714285,0.005917159763313609,0.5,0.07692307692307693,0.5,0.018518518518518517,0.0,0.0,0.0,0.0,0.0,0.0,0.0,0.0,0.5825780463242699,1
0.0,0.0,0.19047619047619047,0.005177514792899408,0.5,0.02564102564102564,0.75,0.027777777777777776,0.0,0.0,0.6666666666666666,0.025,0.0,0.0,0.0,0.0,0.6714501510574018,-1
0.0,0.0,0.14285714285714285,0.022928994082840236,0.0,0.0,0.25,0.027777777777777776,0.0,0.0,0.0,0.0,0.0,0.0,0.0,0.0,0.4843907351460221,0
0.1111111111111111,0.014492753623188406,0.09523809523809523,0.0022189349112426036,0.0,0.0,0.25,0.018518518518518517,0.0,0.0,0.3333333333333333,0.025,0.0,0.0,0.0,0.0,0.4564451158106747,3
0.0,0.0,0.09523809523809523,0.0022189349112426036,0.0,0.0,0.25,0.009259259259259259,0.0,0.0,0.0,0.0,0.0,0.0,0.0,0.0,0.36027190332326287,0
0.0,0.0,0.14285714285714285,0.011094674556213017,0.0,0.0,0.5,0.037037037037037035,0.0,0.0,0.0,0.0,0.0,0.0,0.0,0.0,0.6233635448136958,0
0.0,0.0,0.047619047619047616,0.0007396449704142012,0.0,0.0,0.25,0.009259259259259259,0.0,0.0,0.0,0.0,0.0,0.0,0.0,0.0,0.4360523665659617,0
0.0,0.0,0.14285714285714285,0.0022189349112426036,0.0,0.0,0.25,0.009259259259259259,0.0,0.0,0.0,0.0,0.0,0.0,0.0,0.0,0.5850956696878147,0
0.1111111111111111,0.014492753623188406,0.047619047619047616,0.0007396449704142012,0.0,0.0,0.0,0.0,0.0,0.0,0.0,0.0,0.0,0.0,0.0,0.0,0.3789023162134944,0
0.1111111111111111,0.014492753623188406,0.14285714285714285,0.0029585798816568047,0.0,0.0,0.25,0.018518518518518517,0.0,0.0,0.3333333333333333,0.025,0.0,0.0,0.0,0.0,0.4843907351460221,3
0.0,0.0,0.047619047619047616,0.0022189349112426036,0.0,0.0,0.0,0.0,0.0,0.0,0.0,0.0,0.0,0.0,0.0,0.0,0.17598187311178246,0
0.0,0.0,0.14285714285714285,0.0029585798816568047,0.0,0.0,1.0,0.037037037037037035,0.0,0.0,0.0,0.0,0.0,0.0,0.0,0.0,0.40609264853977844,0
0.0,0.0,0.047619047619047616,0.0014792899408284023,0.0,0.0,0.25,0.018518518518518517,0.0,0.0,0.3333333333333333,0.025,0.0,0.0,0.0,0.0,0.15156092648539776,3
0.1111111111111111,0.014492753623188406,0.14285714285714285,0.0029585798816568047,0.0,0.0,0.25,0.018518518518518517,0.0,0.0,0.3333333333333333,0.025,0.0,0.0,0.0,0.0,0.48564954682779454,3
0.2222222222222222,0.028985507246376812,0.0,0.0,0.0,0.0,0.0,0.0,0.0,0.0,0.0,0.0,0.0,0.0,0.0,0.0,0.5304632426988923,0
0.0,0.0,0.19047619047619047,0.0022189349112426036,0.5,0.02564102564102564,0.75,0.07407407407407407,0.0,0.0,0.0,0.0,0.0,0.0,0.0,0.0,0.4818731117824773,1
0.1111111111111111,0.014492753623188406,0.09523809523809523,0.0022189349112426036,0.0,0.0,0.25,0.018518518518518517,0.0,0.0,0.3333333333333333,0.025,0.0,0.0,0.0,0.0,0.43001007049345413,3
0.0,0.0,0.09523809523809523,0.0036982248520710057,0.5,0.10256410256410256,0.5,0.05555555555555555,0.0,0.0,0.0,0.0,0.0,0.0,0.0,0.0,0.6636455186304129,1
0.0,0.0,0.14285714285714285,0.0022189349112426036,0.5,0.02564102564102564,0.75,0.07407407407407407,0.0,0.0,0.0,0.0,0.0,0.0,0.0,0.0,0.5760322255790533,1
0.0,0.0,0.2857142857142857,0.0073964497041420114,0.0,0.0,0.5,0.037037037037037035,0.0,0.0,0.0,0.0,0.0,0.0,0.0,0.0,0.49899295065458205,0
0.0,0.0,0.09523809523809523,0.0022189349112426036,0.0,0.0,0.25,0.018518518518518517,0.0,0.0,0.0,0.0,0.0,0.0,0.0,0.0,0.17598187311178246,0
0.0,0.0,0.09523809523809523,0.0014792899408284023,0.0,0.0,0.25,0.018518518518518517,0.0,0.0,0.0,0.0,0.0,0.0,0.0,0.0,0.4033232628398792,0
0.2222222222222222,0.07246376811594203,0.38095238095238093,0.015532544378698224,0.0,0.0,0.5,0.08333333333333333,0.0,0.0,0.3333333333333333,0.05,0.0,0.0,0.0,0.0,0.5269385699899295,3
0.0,0.0,0.047619047619047616,0.0007396449704142012,0.0,0.0,0.25,0.009259259259259259,0.0,0.0,0.0,0.0,0.0,0.0,0.0,0.0,0.0,0
0.2222222222222222,0.11594202898550725,0.14285714285714285,0.008136094674556213,0.0,0.0,0.25,0.009259259259259259,0.0,0.0,0.0,0.0,0.0,0.0,0.0,0.0,0.5304632426988923,0
0.0,0.0,0.19047619047619047,0.0073964497041420114,0.0,0.0,0.25,0.05555555555555555,0.0,0.0,0.0,0.0,0.0,0.0,0.0,0.0,0.6784994964753273,0
0.2222222222222222,0.014492753623188406,0.047619047619047616,0.0029585798816568047,0.0,0.0,0.0,0.0,0.0,0.0,0.0,0.0,0.0,0.0,0.0,0.0,0.3947633434038268,0
0.2222222222222222,0.11594202898550725,0.42857142857142855,0.02071005917159763,0.0,0.0,0.5,0.09259259259259259,0.0,0.0,1.0,0.1,0.0,0.0,0.0,0.0,0.6140483383685801,-1
0.1111111111111111,0.014492753623188406,0.14285714285714285,0.0014792899408284023,0.0,0.0,0.25,0.009259259259259259,0.0,0.0,0.0,0.0,0.0,0.0,0.0,0.0,0.4690332326283988,0
0.1111111111111111,0.10144927536231885,0.23809523809523808,0.33875739644970415,0.0,0.0,0.25,0.5462962962962963,0.0,0.0,0.0,0.0,0.0,0.0,0.0,0.0,0.952416918429003,-1
0.2222222222222222,0.028985507246376812,0.23809523809523808,0.0036982248520710057,0.0,0.0,0.25,0.018518518518518517,0.0,0.0,0.6666666666666666,0.05,0.0,0.0,0.0,0.0,0.46752265861027187,2
0.0,0.0,0.14285714285714285,0.0036982248520710057,0.0,0.0,0.25,0.037037037037037035,0.0,0.0,0.0,0.0,0.0,0.0,0.0,0.0,0.4735649546827794,0
0.2222222222222222,0.10144927536231885,0.19047619047619047,0.009615384615384616,0.0,0.0,0.5,0.06481481481481481,0.0,0.0,0.0,0.0,0.0,0.0,0.0,0.0,0.5440584088620343,0
0.1111111111111111,0.014492753623188406,0.23809523809523808,0.0036982248520710057,0.0,0.0,0.25,0.027777777777777776,0.0,0.0,0.0,0.0,0.0,0.0,0.0,0.0,0.5425478348439073,0
0.2222222222222222,0.028985507246376812,0.23809523809523808,0.005917159763313609,0.0,0.0,0.25,0.037037037037037035,0.0,0.0,0.3333333333333333,0.025,0.0,0.0,0.0,0.0,0.5725075528700906,3
0.1111111111111111,0.028985507246376812,0.19047619047619047,0.005177514792899408,0.5,0.02564102564102564,0.25,0.018518518518518517,0.0,0.0,0.0,0.0,0.0,0.0,0.0,0.0,0.5297079556898289,1
0.2222222222222222,0.028985507246376812,0.23809523809523808,0.005177514792899408,0.0,0.0,0.5,0.046296296296296294,0.0,0.0,0.0,0.0,0.0,0.0,0.0,0.0,0.5440584088620343,0
0.0,0.0,0.09523809523809523,0.0022189349112426036,0.0,0.0,0.0,0.0,0.0,0.0,0.0,0.0,0.0,0.0,0.0,0.0,0.337865055387714,0
0.0,0.0,0.14285714285714285,0.005177514792899408,0.0,0.0,1.0,0.07407407407407407,0.0,0.0,0.0,0.0,0.0,0.0,0.0,0.0,0.5647029204431017,0
0.1111111111111111,0.014492753623188406,0.14285714285714285,0.0022189349112426036,0.0,0.0,0.25,0.018518518518518517,0.0,0.0,0.0,0.0,0.0,0.0,0.0,0.0,0.3519637462235649,0
0.2222222222222222,0.07246376811594203,0.23809523809523808,0.005917159763313609,0.0,0.0,0.5,0.018518518518518517,0.0,0.0,0.0,0.0,0.0,0.0,0.0,0.0,0.5168680765357502,0
0.0,0.0,0.19047619047619047,0.010355029585798816,0.5,0.16666666666666666,0.5,0.09259259259259259,0.0,0.0,0.3333333333333333,0.025,0.0,0.0,1.0,0.038461538461538464,0.7404330312185297,-1
0.0,0.0,0.19047619047619047,0.0036982248520710057,0.0,0.0,0.5,0.037037037037037035,0.0,0.0,0.0,0.0,0.0,0.0,0.0,0.0,0.4803625377643504,0
0.0,0.0,0.09523809523809523,0.0014792899408284023,0.0,0.0,0.25,0.018518518518518517,0.0,0.0,0.0,0.0,0.0,0.0,1.0,0.038461538461538464,0.39174219536757304,-1
0.3333333333333333,0.028985507246376812,0.19047619047619047,0.010355029585798816,0.0,0.0,0.25,0.05555555555555555,0.0,0.0,0.0,0.0,0.0,0.0,0.0,0.0,0.5178751258811681,0
0.1111111111111111,0.014492753623188406,0.19047619047619047,0.0036982248520710057,0.0,0.0,0.75,0.037037037037037035,0.0,0.0,0.0,0.0,0.0,0.0,0.0,0.0,0.5035246727089627,0
0.1111111111111111,0.028985507246376812,0.23809523809523808,0.005917159763313609,0.0,0.0,0.25,0.027777777777777776,0.0,0.0,0.6666666666666666,0.05,0.0,0.0,0.0,0.0,0.4884189325276938,2
0.1111111111111111,0.014492753623188406,0.14285714285714285,0.0036982248520710057,0.0,0.0,0.25,0.046296296296296294,0.0,0.0,0.3333333333333333,0.025,0.0,0.0,0.0,0.0,0.38544813695871094,3
0.2222222222222222,0.014492753623188406,0.047619047619047616,0.0007396449704142012,0.0,0.0,0.25,0.009259259259259259,0.0,0.0,0.0,0.0,0.0,0.0,0.0,0.0,0.2804632426988923,0
0.1111111111111111,0.014492753623188406,0.047619047619047616,0.0007396449704142012,0.0,0.0,0.0,0.0,0.0,0.0,0.0,0.0,0.0,0.0,0.0,0.0,0.46752265861027187,0
0.1111111111111111,0.014492753623188406,0.14285714285714285,0.0036982248520710057,0.0,0.0,0.25,0.027777777777777776,0.0,0.0,0.3333333333333333,0.025,0.0,0.0,0.0,0.0,0.4136455186304129,3
0.0,0.0,0.047619047619047616,0.0014792899408284023,0.0,0.0,0.25,0.009259259259259259,0.0,0.0,0.0,0.0,0.0,0.0,0.0,0.0,0.40055387713997986,0
0.2222222222222222,0.043478260869565216,0.14285714285714285,0.004437869822485207,0.5,0.01282051282051282,0.25,0.027777777777777776,0.0,0.0,0.6666666666666666,0.05,0.0,0.0,0.0,0.0,0.4763343403826787,-1
0.1111111111111111,0.014492753623188406,0.09523809523809523,0.0014792899408284023,0.5,0.01282051282051282,0.75,0.06481481481481481,0.0,0.0,0.0,0.0,0.0,0.0,0.0,0.0,0.3328298086606244,1
0.1111111111111111,0.014492753623188406,0.14285714285714285,0.006656804733727811,0.0,0.0,0.25,0.046296296296296294,0.0,0.0,0.3333333333333333,0.025,0.0,0.0,0.0,0.0,0.3519637462235649,3
0.2222222222222222,0.028985507246376812,0.14285714285714285,0.005177514792899408,0.0,0.0,0.5,0.027777777777777776,0.0,0.0,0.0,0.0,0.0,0.0,0.0,0.0,0.5991943605236656,0
0.1111111111111111,0.014492753623188406,0.09523809523809523,0.0014792899408284023,0.0,0.0,0.25,0.009259259259259259,0.0,0.0,0.0,0.0,0.0,0.0,0.0,0.0,0.49672708962739176,0
0.2222222222222222,0.043478260869565216,0.14285714285714285,0.005917159763313609,0.0,0.0,0.5,0.05555555555555555,0.0,0.0,0.0,0.0,0.0,0.0,0.0,0.0,0.675226586102719,0
0.0,0.0,0.09523809523809523,0.0036982248520710057,0.0,0.0,0.75,0.037037037037037035,0.0,0.0,0.0,0.0,0.0,0.0,0.0,0.0,0.34743202416918423,0
0.1111111111111111,0.014492753623188406,0.14285714285714285,0.0036982248520710057,0.0,0.0,0.25,0.027777777777777776,0.0,0.0,0.3333333333333333,0.025,0.0,0.0,0.0,0.0,0.4803625377643504,3
0.0,0.0,0.047619047619047616,0.0007396449704142012,0.5,0.01282051282051282,0.5,0.018518518518518517,0.0,0.0,0.0,0.0,0.0,0.0,0.0,0.0,0.48942598187311176,1
0.0,0.0,0.047619047619047616,0.0007396449704142012,0.0,0.0,0.25,0.009259259259259259,0.0,0.0,0.0,0.0,0.0,0.0,0.0,0.0,0.07578046324269888,0
0.1111111111111111,0.014492753623188406,0.09523809523809523,0.0014792899408284023,0.0,0.0,0.0,0.0,0.0,0.0,0.0,0.0,0.0,0.0,0.0,0.0,0.38544813695871094,0
0.0,0.0,0.047619047619047616,0.0014792899408284023,0.5,0.02564102564102564,0.5,0.037037037037037035,0.0,0.0,0.0,0.0,0.0,0.0,0.0,0.0,0.6513091641490434,1
0.1111111111111111,0.014492753623188406,0.047619047619047616,0.0007396449704142012,0.0,0.0,0.0,0.0,0.0,0.0,0.0,0.0,0.0,0.0,0.0,0.0,0.29607250755287007,0
0.1111111111111111,0.014492753623188406,0.047619047619047616,0.0007396449704142012,0.0,0.0,0.25,0.009259259259259259,0.0,0.0,0.0,0.0,0.0,0.0,0.0,0.0,0.47910372608257806,0
0.2222222222222222,0.028985507246376812,0.2857142857142857,0.11538461538461538,0.0,0.0,0.25,0.5740740740740741,0.0,0.0,0.0,0.0,0.0,0.0,0.0,0.0,0.7530211480362538,-1
0.0,0.0,0.09523809523809523,0.021449704142011833,0.0,0.0,0.25,0.2685185185185185,0.0,0.0,0.0,0.0,0.0,0.0,0.0,0.0,0.49672708962739176,0
0.2222222222222222,0.028985507246376812,0.19047619047619047,0.004437869822485207,0.0,0.0,0.25,0.027777777777777776,0.0,0.0,0.3333333333333333,0.025,0.0,0.0,0.0,0.0,0.4645015105740181,3
0.0,0.0,0.0,0.0,0.0,0.0,0.25,0.009259259259259259,0.0,0.0,0.0,0.0,0.0,0.0,0.0,0.0,0.22734138972809667,0
0.0,0.0,0.14285714285714285,0.0036982248520710057,0.0,0.0,0.25,0.037037037037037035,0.0,0.0,0.0,0.0,0.0,0.0,0.0,0.0,0.3031218529707955,0
0.0,0.0,0.047619047619047616,0.0022189349112426036,0.0,0.0,0.5,0.10185185185185185,0.0,0.0,0.0,0.0,0.0,0.0,0.0,0.0,0.5954179254783485,0
0.0,0.0,0.14285714285714285,0.005917159763313609,0.5,0.08974358974358974,0.5,0.05555555555555555,0.0,0.0,0.0,0.0,0.0,0.0,0.0,0.0,0.5861027190332325,1
0.0,0.0,0.047619047619047616,0.0007396449704142012,0.0,0.0,0.25,0.009259259259259259,0.0,0.0,0.0,0.0,0.0,0.0,0.0,0.0,0.07578046324269888,0
0.1111111111111111,0.014492753623188406,0.09523809523809523,0.0007396449704142012,0.0,0.0,0.25,0.009259259259259259,0.0,0.0,0.0,0.0,0.0,0.0,0.0,0.0,0.4136455186304129,0
0.1111111111111111,0.014492753623188406,0.23809523809523808,0.008136094674556213,0.0,0.0,0.25,0.037037037037037035,0.0,0.0,0.0,0.0,0.0,0.0,0.0,0.0,0.5216515609264855,0
0.0,0.0,0.047619047619047616,0.0007396449704142012,0.0,0.0,0.0,0.0,0.0,0.0,0.0,0.0,0.0,0.0,1.0,0.038461538461538464,0.3789023162134944,-1
0.1111111111111111,0.014492753623188406,0.14285714285714285,0.004437869822485207,0.0,0.0,0.25,0.027777777777777776,0.0,0.0,0.3333333333333333,0.025,0.0,0.0,0.0,0.0,0.4511581067472306,3
0.2222222222222222,0.028985507246376812,0.19047619047619047,0.0036982248520710057,0.0,0.0,0.25,0.037037037037037035,0.0,0.0,0.3333333333333333,0.025,0.0,0.0,0.0,0.0,0.48942598187311176,3
0.1111111111111111,0.043478260869565216,0.38095238095238093,0.022189349112426034,0.0,0.0,0.5,0.05555555555555555,0.0,0.0,0.0,0.0,0.0,0.0,0.0,0.0,0.5548841893252769,0
0.0,0.0,0.047619047619047616,0.0014792899408284023,0.0,0.0,0.25,0.018518518518518517,0.0,0.0,0.0,0.0,0.0,0.0,0.0,0.0,0.22734138972809667,0
0.0,0.0,0.047619047619047616,0.0014792899408284023,0.0,0.0,0.0,0.0,0.0,0.0,0.0,0.0,0.0,0.0,0.0,0.0,0.19587109768378652,0
0.0,0.0,0.23809523809523808,0.014053254437869821,0.5,0.01282051282051282,1.0,0.15740740740740738,0.0,0.0,0.3333333333333333,0.125,0.0,0.0,0.0,0.0,0.6988922457200402,-1
0.0,0.0,0.09523809523809523,0.0014792899408284023,0.0,0.0,0.0,0.0,0.0,0.0,0.0,0.0,0.0,0.0,0.0,0.0,0.29607250755287007,0
0.1111111111111111,0.014492753623188406,0.19047619047619047,0.004437869822485207,0.0,0.0,0.25,0.027777777777777776,0.0,0.0,0.3333333333333333,0.025,0.0,0.0,0.0,0.0,0.5098187311178247,3
0.0,0.0,0.047619047619047616,0.0029585798816568047,0.0,0.0,0.5,0.046296296296296294,0.0,0.0,0.0,0.0,0.0,0.0,0.0,0.0,0.4690332326283988,0
0.0,0.0,0.047619047619047616,0.0007396449704142012,0.0,0.0,0.25,0.009259259259259259,0.0,0.0,0.0,0.0,0.0,0.0,0.0,0.0,0.4763343403826787,0
0.1111111111111111,0.014492753623188406,0.09523809523809523,0.0014792899408284023,0.0,0.0,0.25,0.009259259259259259,0.0,0.0,0.0,0.0,0.0,0.0,0.0,0.0,0.36807653575025173,0
0.2222222222222222,0.08695652173913043,0.19047619047619047,0.005917159763313609,0.5,0.02564102564102564,0.25,0.009259259259259259,0.0,0.0,0.0,0.0,0.0,0.0,0.0,0.0,0.4884189325276938,1
0.0,0.0,0.14285714285714285,0.0014792899408284023,0.0,0.0,0.25,0.009259259259259259,0.0,0.0,0.0,0.0,0.0,0.0,0.0,0.0,0.452920443101712,0
0.0,0.0,0.14285714285714285,0.0036982248520710057,0.0,0.0,0.25,0.027777777777777776,0.0,0.0,0.3333333333333333,0.025,0.0,0.0,0.0,0.0,0.371852970795569,3
0.0,0.0,0.047619047619047616,0.0007396449704142012,0.0,0.0,0.0,0.0,0.0,0.0,0.0,0.0,0.0,0.0,0.0,0.0,0.47205438066465255,0
0.1111111111111111,0.014492753623188406,0.047619047619047616,0.0007396449704142012,0.0,0.0,0.0,0.0,0.0,0.0,0.0,0.0,0.0,0.0,0.0,0.0,0.4645015105740181,0
0.0,0.0,0.0,0.0,0.0,0.0,0.0,0.0,0.0,0.0,0.0,0.0,0.0,0.0,0.0,0.0,0.0,0
0.0,0.0,0.0,0.0,0.0,0.0,0.0,0.0,0.0,0.0,0.0,0.0,0.0,0.0,0.0,0.0,0.07578046324269888,0
0.0,0.0,0.0,0.0,0.0,0.0,0.0,0.0,0.0,0.0,0.0,0.0,0.0,0.0,0.0,0.0,0.0,0
0.0,0.0,0.0,0.0,0.0,0.0,0.0,0.0,0.0,0.0,0.0,0.0,0.0,0.0,0.0,0.0,0.07578046324269888,0
0.0,0.0,0.0,0.0,0.0,0.0,0.0,0.0,0.0,0.0,0.0,0.0,0.0,0.0,0.0,0.0,0.0,0
0.0,0.0,0.0,0.0,0.0,0.0,0.0,0.0,0.0,0.0,0.0,0.0,0.0,0.0,0.0,0.0,0.07578046324269888,0
0.0,0.0,0.0,0.0,0.0,0.0,0.0,0.0,0.0,0.0,0.0,0.0,0.0,0.0,0.0,0.0,0.07578046324269888,0
0.0,0.0,0.0,0.0,0.0,0.0,0.0,0.0,0.0,0.0,0.0,0.0,0.0,0.0,0.0,0.0,0.0,0
0.0,0.0,0.0,0.0,0.0,0.0,0.0,0.0,0.0,0.0,0.0,0.0,0.0,0.0,0.0,0.0,0.0,0
0.0,0.0,0.0,0.0,0.0,0.0,0.0,0.0,0.0,0.0,0.0,0.0,0.0,0.0,0.0,0.0,0.07578046324269888,0
0.0,0.0,0.0,0.0,0.0,0.0,0.0,0.0,0.0,0.0,0.0,0.0,0.0,0.0,0.0,0.0,0.07578046324269888,0
0.0,0.0,0.0,0.0,0.0,0.0,0.0,0.0,0.0,0.0,0.0,0.0,0.0,0.0,0.0,0.0,0.0,0
0.0,0.0,0.0,0.0,0.0,0.0,0.0,0.0,0.0,0.0,0.0,0.0,0.0,0.0,0.0,0.0,0.07578046324269888,0
0.0,0.0,0.0,0.0,0.0,0.0,0.0,0.0,0.0,0.0,0.0,0.0,0.0,0.0,0.0,0.0,0.0,0
0.0,0.0,0.0,0.0,0.0,0.0,0.0,0.0,0.0,0.0,0.0,0.0,0.0,0.0,0.0,0.0,0.07578046324269888,0
0.0,0.0,0.0,0.0,0.0,0.0,0.0,0.0,0.0,0.0,0.0,0.0,0.0,0.0,0.0,0.0,0.0,0
0.0,0.0,0.0,0.0,0.0,0.0,0.0,0.0,0.0,0.0,0.0,0.0,0.0,0.0,0.0,0.0,0.07578046324269888,0
0.0,0.0,0.0,0.0,0.0,0.0,0.0,0.0,0.0,0.0,0.0,0.0,0.0,0.0,0.0,0.0,0.0,0
0.0,0.0,0.0,0.0,0.0,0.0,0.0,0.0,0.0,0.0,0.0,0.0,0.0,0.0,0.0,0.0,0.0,0
0.0,0.0,0.0,0.0,0.0,0.0,0.0,0.0,0.0,0.0,0.0,0.0,0.0,0.0,0.0,0.0,0.07578046324269888,0
0.0,0.0,0.0,0.0,0.0,0.0,0.0,0.0,0.0,0.0,0.0,0.0,0.0,0.0,0.0,0.0,0.0,0
0.0,0.0,0.0,0.0,0.0,0.0,0.0,0.0,0.0,0.0,0.0,0.0,0.0,0.0,0.0,0.0,0.0,0
0.0,0.0,0.0,0.0,0.0,0.0,0.0,0.0,0.0,0.0,0.0,0.0,0.0,0.0,0.0,0.0,0.07578046324269888,0
0.0,0.0,0.0,0.0,0.0,0.0,0.0,0.0,0.0,0.0,0.0,0.0,0.0,0.0,0.0,0.0,0.0,0
0.0,0.0,0.0,0.0,0.0,0.0,0.0,0.0,0.0,0.0,0.0,0.0,0.0,0.0,0.0,0.0,0.07578046324269888,0
0.0,0.0,0.0,0.0,0.0,0.0,0.0,0.0,0.0,0.0,0.0,0.0,0.0,0.0,0.0,0.0,0.0,0
0.0,0.0,0.0,0.0,0.0,0.0,0.0,0.0,0.0,0.0,0.0,0.0,0.0,0.0,0.0,0.0,0.0,0
0.0,0.0,0.0,0.0,0.0,0.0,0.0,0.0,0.0,0.0,0.0,0.0,0.0,0.0,0.0,0.0,0.0,0
0.0,0.0,0.0,0.0,0.0,0.0,0.0,0.0,0.0,0.0,0.0,0.0,0.0,0.0,0.0,0.0,0.0,0
0.0,0.0,0.0,0.0,0.0,0.0,0.0,0.0,0.0,0.0,0.0,0.0,0.0,0.0,0.0,0.0,0.07578046324269888,0
0.0,0.0,0.0,0.0,0.0,0.0,0.0,0.0,0.0,0.0,0.0,0.0,0.0,0.0,0.0,0.0,0.0,0
0.0,0.0,0.0,0.0,0.0,0.0,0.0,0.0,0.0,0.0,0.0,0.0,0.0,0.0,0.0,0.0,0.07578046324269888,0
0.0,0.0,0.0,0.0,0.0,0.0,0.0,0.0,0.0,0.0,0.0,0.0,0.0,0.0,0.0,0.0,0.07578046324269888,0
0.0,0.0,0.0,0.0,0.0,0.0,0.0,0.0,0.0,0.0,0.0,0.0,0.0,0.0,0.0,0.0,0.07578046324269888,0
0.0,0.0,0.0,0.0,0.0,0.0,0.0,0.0,0.0,0.0,0.0,0.0,0.0,0.0,0.0,0.0,0.0,0
0.0,0.0,0.0,0.0,0.0,0.0,0.0,0.0,0.0,0.0,0.0,0.0,0.0,0.0,0.0,0.0,0.0,0
0.0,0.0,0.0,0.0,0.0,0.0,0.0,0.0,0.0,0.0,0.0,0.0,0.0,0.0,0.0,0.0,0.07578046324269888,0
0.0,0.0,0.0,0.0,0.0,0.0,0.0,0.0,0.0,0.0,0.0,0.0,0.0,0.0,0.0,0.0,0.07578046324269888,0
0.0,0.0,0.0,0.0,0.0,0.0,0.0,0.0,0.0,0.0,0.0,0.0,0.0,0.0,0.0,0.0,0.0,0
0.0,0.0,0.0,0.0,0.0,0.0,0.0,0.0,0.0,0.0,0.0,0.0,0.0,0.0,0.0,0.0,0.0,0
0.0,0.0,0.0,0.0,0.0,0.0,0.0,0.0,0.0,0.0,0.0,0.0,0.0,0.0,0.0,0.0,0.07578046324269888,0
0.0,0.0,0.0,0.0,0.0,0.0,0.0,0.0,0.0,0.0,0.0,0.0,0.0,0.0,0.0,0.0,0.07578046324269888,0
0.0,0.0,0.0,0.0,0.0,0.0,0.0,0.0,0.0,0.0,0.0,0.0,0.0,0.0,0.0,0.0,0.07578046324269888,0
0.0,0.0,0.0,0.0,0.0,0.0,0.0,0.0,0.0,0.0,0.0,0.0,0.0,0.0,0.0,0.0,0.07578046324269888,0
0.0,0.0,0.0,0.0,0.0,0.0,0.0,0.0,0.0,0.0,0.0,0.0,0.0,0.0,0.0,0.0,0.07578046324269888,0
0.0,0.0,0.0,0.0,0.0,0.0,0.0,0.0,0.0,0.0,0.0,0.0,0.0,0.0,0.0,0.0,0.07578046324269888,0
0.0,0.0,0.0,0.0,0.0,0.0,0.0,0.0,0.0,0.0,0.0,0.0,0.0,0.0,0.0,0.0,0.07578046324269888,0
0.0,0.0,0.0,0.0,0.0,0.0,0.0,0.0,0.0,0.0,0.0,0.0,0.0,0.0,0.0,0.0,0.0,0
0.0,0.0,0.0,0.0,0.0,0.0,0.0,0.0,0.0,0.0,0.0,0.0,0.0,0.0,0.0,0.0,0.07578046324269888,0
0.0,0.0,0.0,0.0,0.0,0.0,0.0,0.0,0.0,0.0,0.0,0.0,0.0,0.0,0.0,0.0,0.0,0
0.0,0.0,0.0,0.0,0.0,0.0,0.0,0.0,0.0,0.0,0.0,0.0,0.0,0.0,0.0,0.0,0.07578046324269888,0
0.0,0.0,0.0,0.0,0.0,0.0,0.0,0.0,0.0,0.0,0.0,0.0,0.0,0.0,0.0,0.0,0.0,0
0.0,0.0,0.0,0.0,0.0,0.0,0.0,0.0,0.0,0.0,0.0,0.0,0.0,0.0,0.0,0.0,0.07578046324269888,0
0.0,0.0,0.0,0.0,0.0,0.0,0.0,0.0,0.0,0.0,0.0,0.0,0.0,0.0,0.0,0.0,0.07578046324269888,0
0.0,0.0,0.0,0.0,0.0,0.0,0.0,0.0,0.0,0.0,0.0,0.0,0.0,0.0,0.0,0.0,0.07578046324269888,0
0.0,0.0,0.0,0.0,0.0,0.0,0.0,0.0,0.0,0.0,0.0,0.0,0.0,0.0,0.0,0.0,0.07578046324269888,0
