application_id,organization_id,provider_id,snapshot_date_id,applicationcode,fullresourcescount,devresourcescount,qaresourcescount,pdnresourcescount,fullaccountscount,devaccountscount,qaaccountscount,pdnaccountscount,redsecuritycheckscount,redsecurityresourcescount,yellowsecuritycheckscount,yellowsecurityresourcescount,redfaulttolerancecheckscount,redfaulttoleranceresourcescount,yellowfaulttolerancecheckscount,yellowfaulttoleranceresourcescount,redperformancecheckscount,redperformanceresourcescount,yellowperformancecheckscount,yellowperformanceresourcescount,redcostoptimizingcheckscount,redcostoptimizingresourcescount,yellowcostoptimizingcheckscount,yellowcostoptimizingresourcescount,redsecuritydensity,yellowsecuritydensity,redfaulttolerancedensity,yellowfaulttolerancedensity,redperformancedensity,yellowperformancedensity,redcostoptimizingdensity,yellowcostoptimizingdensity,ppn_tm
1,1,1,20231021,app00001,887,739,101,47,9,3,4,2,1,2,4,8,0,0,1,2,0,0,1,1,0,0,0,0,0.043,0.17,0,0.043,0,0.021,0,0,04:53.7
2,1,1,20231021,app00002,235,79,63,93,4,1,1,2,2,3,5,14,0,0,1,11,0,0,1,1,0,0,0,0,0.032,0.151,0,0.118,0,0.011,0,0,04:53.7
3,1,1,20231021,app00003,36,12,12,12,3,1,1,1,2,2,2,2,0,0,0,0,0,0,0,0,0,0,0,0,0.167,0.167,0,0,0,0,0,0,04:53.7
4,1,1,20231021,app00004,71,69,0,2,2,1,0,1,0,0,0,0,0,0,0,0,0,0,0,0,0,0,0,0,0,0,0,0,0,0,0,0,04:53.7
5,1,1,20231021,app00005,84,21,9,54,3,1,1,1,1,1,2,2,0,0,0,0,0,0,0,0,0,0,0,0,0.019,0.037,0,0,0,0,0,0,04:53.7
6,1,1,20231021,app00006,9,9,0,0,1,1,0,0,0,0,0,0,0,0,0,0,0,0,0,0,0,0,0,0,0,0,0,0,0,0,0,0,04:53.7
7,1,1,20231021,app00007,2,0,2,0,1,0,1,0,0,0,0,0,0,0,0,0,0,0,0,0,0,0,0,0,0,0,0,0,0,0,0,0,04:53.7
8,1,1,20231021,app00008,2,2,0,0,1,1,0,0,0,0,0,0,0,0,0,0,0,0,0,0,0,0,0,0,0,0,0,0,0,0,0,0,04:53.7
9,1,1,20231021,app00009,327,134,86,107,7,2,2,3,0,0,2,4,0,0,1,3,0,0,0,0,0,0,0,0,0,0.037,0,0.028,0,0,0,0,04:53.7
10,1,1,20231021,app00010,152,66,35,51,5,2,2,1,1,1,1,1,0,0,0,0,0,0,0,0,0,0,0,0,0.02,0.02,0,0,0,0,0,0,04:53.7
11,1,1,20231021,app00011,787,257,256,274,6,2,1,3,0,0,3,9,0,0,2,6,0,0,0,0,0,0,0,0,0,0.033,0,0.022,0,0,0,0,04:53.7
12,1,1,20231021,app00012,226,67,71,88,5,1,1,3,1,1,5,13,0,0,2,9,0,0,0,0,0,0,0,0,0.011,0.148,0,0.102,0,0,0,0,04:53.7
13,1,1,20231021,app00013,37,7,7,23,3,1,1,1,0,0,4,5,1,1,2,3,0,0,0,0,0,0,0,0,0,0.217,0.043,0.13,0,0,0,0,04:53.7
14,1,1,20231021,app00014,138,59,51,28,3,1,1,1,1,1,2,2,0,0,1,1,0,0,0,0,0,0,0,0,0.036,0.071,0,0.036,0,0,0,0,04:53.7
15,1,1,20231021,app00015,265,53,62,150,3,1,1,1,1,1,2,2,0,0,0,0,0,0,0,0,0,0,0,0,0.007,0.013,0,0,0,0,0,0,04:53.7
16,1,1,20231021,app00016,1,1,0,0,1,1,0,0,0,0,0,0,0,0,0,0,0,0,0,0,0,0,0,0,0,0,0,0,0,0,0,0,04:53.7
17,1,1,20231021,app00017,1,1,0,0,1,1,0,0,0,0,0,0,0,0,0,0,0,0,0,0,0,0,0,0,0,0,0,0,0,0,0,0,04:53.7
18,1,1,20231021,app00018,1,0,0,1,1,0,0,1,0,0,0,0,0,0,0,0,0,0,0,0,0,0,0,0,0,0,0,0,0,0,0,0,04:53.7
19,1,1,20231021,app00019,228,87,68,73,3,1,1,1,0,0,2,2,0,0,1,1,0,0,0,0,0,0,0,0,0,0.027,0,0.014,0,0,0,0,04:53.7
20,1,1,20231021,app00020,49,16,16,17,3,1,1,1,1,1,3,5,0,0,1,3,0,0,1,1,0,0,0,0,0.059,0.294,0,0.176,0,0.059,0,0,04:53.7
21,1,1,20231021,app00021,728,294,264,170,3,1,1,1,0,0,1,1,0,0,2,3,0,0,0,0,0,0,0,0,0,0.006,0,0.018,0,0,0,0,04:53.7
22,1,1,20231021,app00022,717,217,180,320,6,2,2,2,2,7,6,18,0,0,1,3,0,0,2,2,0,0,0,0,0.022,0.056,0,0.009,0,0.006,0,0,04:53.7
23,1,1,20231021,app00023,59,47,12,0,2,1,1,0,0,0,0,0,0,0,0,0,0,0,0,0,0,0,0,0,0,0,0,0,0,0,0,0,04:53.7
24,1,1,20231021,app00024,21,20,1,0,2,1,1,0,0,0,0,0,0,0,0,0,0,0,0,0,0,0,0,0,0,0,0,0,0,0,0,0,04:53.7
25,1,1,20231021,app00025,6,2,2,2,3,1,1,1,0,0,0,0,0,0,0,0,0,0,0,0,0,0,0,0,0,0,0,0,0,0,0,0,04:53.7
26,1,1,20231021,app00026,568,187,129,252,5,1,1,3,2,2,3,5,0,0,1,3,0,0,1,1,0,0,0,0,0.008,0.02,0,0.012,0,0.004,0,0,04:53.7
27,1,1,20231021,app00027,101,60,37,4,3,1,1,1,0,0,2,2,0,0,0,0,0,0,0,0,0,0,0,0,0,0.5,0,0,0,0,0,0,04:53.7
28,1,1,20231021,app00028,114,73,15,26,5,1,1,3,1,1,2,2,0,0,0,0,0,0,0,0,0,0,0,0,0.038,0.077,0,0,0,0,0,0,04:53.7
29,1,1,20231021,app00029,180,65,43,72,3,1,1,1,1,1,4,4,0,0,1,2,0,0,1,1,0,0,0,0,0.014,0.056,0,0.028,0,0.014,0,0,04:53.7
30,1,1,20231021,app00030,4,0,0,4,1,0,0,1,1,1,2,2,0,0,0,0,0,0,0,0,0,0,0,0,0.25,0.5,0,0,0,0,0,0,04:53.7
31,1,1,20231021,app00031,136,56,41,39,3,1,1,1,0,0,1,1,0,0,2,2,0,0,0,0,0,0,0,0,0,0.026,0,0.051,0,0,0,0,04:53.7
32,1,1,20231021,app00032,125,37,19,69,38,12,9,17,1,1,3,4,0,0,1,2,0,0,0,0,0,0,0,0,0.014,0.058,0,0.029,0,0,0,0,04:53.7
33,1,1,20231021,app00033,140,47,29,64,3,1,1,1,1,1,1,1,0,0,0,0,0,0,0,0,0,0,0,0,0.016,0.016,0,0,0,0,0,0,04:53.7
34,1,1,20231021,app00034,8,3,4,1,3,1,1,1,0,0,0,0,0,0,0,0,0,0,0,0,0,0,0,0,0,0,0,0,0,0,0,0,04:53.7
35,1,1,20231021,app00035,56,19,11,26,4,1,1,2,1,1,2,2,0,0,0,0,0,0,0,0,0,0,0,0,0.038,0.077,0,0,0,0,0,0,04:53.7
36,1,1,20231021,app00036,1398,746,0,652,2,1,0,1,0,0,2,8,0,0,1,1,0,0,0,0,0,0,0,0,0,0.012,0,0.002,0,0,0,0,04:53.7
37,1,1,20231021,app00037,26,17,0,9,3,2,0,1,1,1,1,1,0,0,0,0,0,0,0,0,0,0,0,0,0.111,0.111,0,0,0,0,0,0,04:53.7
38,1,1,20231021,app00038,116,27,30,59,3,1,1,1,1,1,4,5,0,0,2,3,0,0,1,1,0,0,0,0,0.017,0.085,0,0.051,0,0.017,0,0,04:53.7
39,1,1,20231021,app00039,428,114,89,225,6,2,2,2,2,2,2,6,0,0,1,2,0,0,1,2,0,0,0,0,0.009,0.027,0,0.009,0,0.009,0,0,04:53.7
40,1,1,20231021,app00040,41,13,13,15,4,1,1,2,2,2,2,2,0,0,1,1,0,0,0,0,0,0,0,0,0.133,0.133,0,0.067,0,0,0,0,04:53.7
41,1,1,20231021,app00041,14,0,0,14,2,0,0,2,0,0,1,1,0,0,1,1,0,0,0,0,0,0,0,0,0,0.071,0,0.071,0,0,0,0,04:53.7
42,1,1,20231021,app00042,2,1,0,1,2,1,0,1,1,1,1,1,0,0,0,0,0,0,0,0,0,0,0,0,1,1,0,0,0,0,0,0,04:53.7
43,1,1,20231021,app00043,12,0,0,12,2,0,0,2,0,0,0,0,0,0,0,0,0,0,0,0,0,0,0,0,0,0,0,0,0,0,0,0,04:53.7
44,1,1,20231021,app00044,2,2,0,0,1,1,0,0,0,0,0,0,0,0,0,0,0,0,0,0,0,0,0,0,0,0,0,0,0,0,0,0,04:53.7
45,1,1,20231021,app00045,137,43,29,65,3,1,1,1,1,1,2,3,0,0,1,2,0,0,1,1,0,0,0,0,0.015,0.046,0,0.031,0,0.015,0,0,04:53.7
46,1,1,20231021,app00046,572,184,177,211,5,1,1,3,0,0,3,3,0,0,1,1,0,0,0,0,0,0,0,0,0,0.014,0,0.005,0,0,0,0,04:53.7
47,1,1,20231021,app00047,398,99,0,299,3,1,0,2,0,0,3,15,0,0,2,4,0,0,0,0,0,0,0,0,0,0.05,0,0.013,0,0,0,0,04:53.7
48,1,1,20231021,app00048,141,49,38,54,3,1,1,1,0,0,1,1,0,0,1,1,0,0,0,0,0,0,0,0,0,0.019,0,0.019,0,0,0,0,04:53.7
49,1,1,20231021,app00049,2,2,0,0,1,1,0,0,0,0,0,0,0,0,0,0,0,0,0,0,0,0,0,0,0,0,0,0,0,0,0,0,04:53.7
50,1,1,20231021,app00050,87,28,27,32,3,1,1,1,1,1,1,1,0,0,0,0,0,0,0,0,0,0,0,0,0.031,0.031,0,0,0,0,0,0,04:53.7
51,1,1,20231021,app00051,72,22,23,27,6,2,1,3,0,0,2,3,0,0,1,1,0,0,0,0,0,0,0,0,0,0.111,0,0.037,0,0,0,0,04:53.7
52,1,1,20231021,app00052,110,25,1,84,7,2,1,4,0,0,3,31,0,0,1,3,0,0,0,0,0,0,0,0,0,0.369,0,0.036,0,0,0,0,04:53.7
53,1,1,20231021,app00053,6,6,0,0,1,1,0,0,0,0,0,0,0,0,0,0,0,0,0,0,0,0,0,0,0,0,0,0,0,0,0,0,04:53.7
54,1,1,20231021,app00054,1443,483,428,532,11,6,2,3,2,6,4,24,1,2,1,5,0,0,2,3,0,0,0,0,0.011,0.045,0.004,0.009,0,0.006,0,0,04:53.7
55,1,1,20231021,app00055,73,43,15,15,6,2,2,2,0,0,1,2,0,0,1,2,0,0,0,0,0,0,0,0,0,0.133,0,0.133,0,0,0,0,04:53.7
56,1,1,20231021,app00056,281,84,72,125,5,1,1,3,1,1,4,6,0,0,2,2,0,0,0,0,0,0,0,0,0.008,0.048,0,0.016,0,0,0,0,04:53.7
57,1,1,20231021,app00057,4,0,0,4,1,0,0,1,0,0,0,0,0,0,0,0,0,0,0,0,0,0,0,0,0,0,0,0,0,0,0,0,04:53.7
58,1,1,20231021,app00058,2,2,0,0,2,2,0,0,0,0,0,0,0,0,0,0,0,0,0,0,0,0,0,0,0,0,0,0,0,0,0,0,04:53.7
59,1,1,20231021,app00059,29,18,4,7,5,2,2,1,1,3,1,3,0,0,0,0,0,0,0,0,0,0,0,0,0.429,0.429,0,0,0,0,0,0,04:53.7
60,1,1,20231021,app00060,1,1,0,0,1,1,0,0,0,0,0,0,0,0,0,0,0,0,0,0,0,0,0,0,0,0,0,0,0,0,0,0,04:53.7
61,1,1,20231021,app00061,431,110,89,232,5,2,2,1,0,0,1,1,0,0,1,1,0,0,1,1,0,0,0,0,0,0.004,0,0.004,0,0.004,0,0,04:53.7
62,1,1,20231021,app00062,36,12,0,24,2,1,0,1,0,0,2,4,0,0,0,0,0,0,0,0,0,0,0,0,0,0.167,0,0,0,0,0,0,04:53.7
63,1,1,20231021,app00063,67,24,25,18,3,1,1,1,1,1,1,1,0,0,0,0,0,0,0,0,0,0,0,0,0.056,0.056,0,0,0,0,0,0,04:53.7
64,1,1,20231021,app00064,200,61,52,87,3,1,1,1,0,0,2,4,1,2,2,3,0,0,0,0,0,0,0,0,0,0.046,0.023,0.034,0,0,0,0,04:53.7
65,1,1,20231021,app00065,14,10,0,4,2,1,0,1,0,0,0,0,0,0,0,0,0,0,0,0,0,0,0,0,0,0,0,0,0,0,0,0,04:53.7
66,1,1,20231021,app00066,200,63,62,75,7,2,2,3,0,0,1,1,0,0,0,0,0,0,0,0,0,0,0,0,0,0.013,0,0,0,0,0,0,04:53.7
67,1,1,20231021,app00067,149,50,29,70,3,1,1,1,1,1,1,1,0,0,0,0,0,0,0,0,0,0,0,0,0.014,0.014,0,0,0,0,0,0,04:53.7
68,1,1,20231021,app00068,34,4,0,30,6,2,0,4,0,0,3,5,0,0,1,3,0,0,1,1,0,0,0,0,0,0.167,0,0.1,0,0.033,0,0,04:53.7
69,1,1,20231021,app00069,170,72,35,63,5,1,1,3,0,0,3,2,0,0,1,1,0,0,0,0,0,0,0,0,0,0.032,0,0.016,0,0,0,0,04:53.7
70,1,1,20231021,app00070,91,57,34,0,2,1,1,0,0,0,0,0,0,0,0,0,0,0,0,0,0,0,0,0,0,0,0,0,0,0,0,0,04:53.7
71,1,1,20231021,app00071,270,40,92,138,6,2,2,2,0,0,0,0,0,0,0,0,0,0,0,0,0,0,0,0,0,0,0,0,0,0,0,0,04:53.7
72,1,1,20231021,app00072,121,42,27,52,3,1,1,1,1,1,3,4,0,0,1,2,0,0,1,1,0,0,0,0,0.019,0.077,0,0.038,0,0.019,0,0,04:53.7
73,1,1,20231021,app00073,26,13,13,0,2,1,1,0,0,0,0,0,0,0,0,0,0,0,0,0,0,0,0,0,0,0,0,0,0,0,0,0,04:53.7
74,1,1,20231021,app00074,254,96,70,88,5,1,1,3,0,0,2,4,0,0,2,5,0,0,0,0,0,0,0,0,0,0.045,0,0.057,0,0,0,0,04:53.7
75,1,1,20231021,app00075,28,28,0,0,1,1,0,0,0,0,0,0,0,0,0,0,0,0,0,0,0,0,0,0,0,0,0,0,0,0,0,0,04:53.7
76,1,1,20231021,app00076,2,2,0,0,1,1,0,0,0,0,0,0,0,0,0,0,0,0,0,0,0,0,0,0,0,0,0,0,0,0,0,0,04:53.7
77,1,1,20231021,app00077,787,340,215,232,6,2,1,3,0,0,1,3,0,0,2,11,0,0,0,0,0,0,0,0,0,0.013,0,0.047,0,0,0,0,04:53.7
78,1,1,20231021,app00078,626,230,183,213,7,3,1,3,0,0,3,8,1,7,2,6,0,0,0,0,0,0,0,0,0,0.038,0.033,0.028,0,0,0,0,04:53.7
79,1,1,20231021,app00079,44,25,19,0,2,1,1,0,0,0,0,0,0,0,0,0,0,0,0,0,0,0,0,0,0,0,0,0,0,0,0,0,04:53.7
80,1,1,20231021,app00080,6,6,0,0,1,1,0,0,0,0,0,0,0,0,0,0,0,0,0,0,0,0,0,0,0,0,0,0,0,0,0,0,04:53.7
81,1,1,20231021,app00081,46,29,17,0,2,1,1,0,0,0,0,0,0,0,0,0,0,0,0,0,0,0,0,0,0,0,0,0,0,0,0,0,04:53.7
82,1,1,20231021,app00082,3,0,3,0,2,0,2,0,0,0,0,0,0,0,0,0,0,0,0,0,0,0,0,0,0,0,0,0,0,0,0,0,04:53.7
83,1,1,20231021,app00083,2,0,0,2,1,0,0,1,0,0,1,1,0,0,1,1,0,0,0,0,0,0,0,0,0,0.5,0,0.5,0,0,0,0,04:53.7
84,1,1,20231021,app00084,2,0,2,0,1,0,1,0,0,0,0,0,0,0,0,0,0,0,0,0,0,0,0,0,0,0,0,0,0,0,0,0,04:53.7
85,1,1,20231021,app00085,176,70,42,64,3,1,1,1,1,1,3,7,0,0,1,5,0,0,1,1,0,0,0,0,0.016,0.109,0,0.078,0,0.016,0,0,04:53.7
86,1,1,20231021,app00086,159,84,0,75,2,1,0,1,0,0,3,9,0,0,1,7,0,0,0,0,0,0,0,0,0,0.12,0,0.093,0,0,0,0,04:53.7
87,1,1,20231021,app00087,100,34,47,19,3,1,1,1,1,1,2,2,0,0,1,1,0,0,0,0,0,0,0,0,0.053,0.105,0,0.053,0,0,0,0,04:53.7
88,1,1,20231021,app00088,337,124,124,89,5,1,1,3,1,1,4,4,0,0,1,2,0,0,0,0,0,0,0,0,0.011,0.045,0,0.022,0,0,0,0,04:53.7
89,1,1,20231021,app00089,44,14,0,30,2,1,0,1,0,0,0,0,0,0,0,0,0,0,0,0,0,0,0,0,0,0,0,0,0,0,0,0,04:53.7
90,1,1,20231021,app00090,17,0,11,6,5,0,1,4,0,0,0,0,0,0,0,0,0,0,0,0,0,0,0,0,0,0,0,0,0,0,0,0,04:53.7
91,1,1,20231021,app00091,16,1,0,15,2,1,0,1,0,0,0,0,0,0,0,0,0,0,0,0,0,0,0,0,0,0,0,0,0,0,0,0,04:53.7
92,1,1,20231021,app00092,6,0,0,6,2,0,0,2,0,0,0,0,0,0,0,0,0,0,0,0,0,0,0,0,0,0,0,0,0,0,0,0,04:53.7
93,1,1,20231021,app00093,82,41,11,30,5,2,1,2,0,0,0,0,0,0,3,2,0,0,0,0,0,0,0,0,0,0,0,0.067,0,0,0,0,04:53.7
94,1,1,20231021,app00094,233,105,56,72,3,1,1,1,2,2,3,5,0,0,1,3,0,0,2,2,0,0,0,0,0.028,0.069,0,0.042,0,0.028,0,0,04:53.7
95,1,1,20231021,app00095,541,225,150,166,5,1,1,3,2,3,4,13,1,6,1,2,0,0,2,2,0,0,0,0,0.018,0.078,0.036,0.012,0,0.012,0,0,04:53.7
96,1,1,20231021,app00096,135,135,0,0,1,1,0,0,0,0,0,0,0,0,0,0,0,0,0,0,0,0,0,0,0,0,0,0,0,0,0,0,04:53.7
97,1,1,20231021,app00097,90,27,27,36,3,1,1,1,1,1,3,2,1,1,0,0,0,0,0,0,0,0,0,0,0.028,0.056,0.028,0,0,0,0,0,04:53.7
98,1,1,20231021,app00098,577,277,164,136,8,3,2,3,3,3,2,2,0,0,3,1,0,0,0,0,0,0,0,0,0.022,0.015,0,0.007,0,0,0,0,04:53.7
99,1,1,20231021,app00099,308,74,78,156,3,1,1,1,0,0,4,12,1,3,3,3,0,0,0,0,0,0,0,0,0,0.077,0.019,0.019,0,0,0,0,04:53.7
100,1,1,20231021,app00100,25,9,8,8,3,1,1,1,0,0,0,0,0,0,0,0,0,0,0,0,0,0,0,0,0,0,0,0,0,0,0,0,04:53.7
101,1,1,20231021,app00101,35,13,9,13,4,1,1,2,0,0,1,1,0,0,1,1,0,0,0,0,0,0,0,0,0,0.077,0,0.077,0,0,0,0,04:53.7
102,1,1,20231021,app00102,42,14,12,16,3,1,1,1,1,2,2,3,0,0,2,3,0,0,0,0,0,0,0,0,0.125,0.188,0,0.188,0,0,0,0,04:53.7
103,1,1,20231021,app00103,202,60,61,81,3,1,1,1,2,3,3,4,0,0,1,1,0,0,1,1,0,0,0,0,0.037,0.049,0,0.012,0,0.012,0,0,04:53.7
104,1,1,20231021,app00104,25,8,0,17,2,1,0,1,0,0,0,0,0,0,0,0,0,0,0,0,0,0,0,0,0,0,0,0,0,0,0,0,04:53.7
105,1,1,20231021,app00105,161,82,2,77,6,2,1,3,0,0,2,7,0,0,1,3,0,0,0,0,0,0,0,0,0,0.091,0,0.039,0,0,0,0,04:53.7
106,1,1,20231021,app00106,45,16,17,12,3,1,1,1,1,1,2,3,0,0,1,2,0,0,2,2,0,0,0,0,0.083,0.25,0,0.167,0,0.167,0,0,04:53.7
107,1,1,20231021,app00107,1615,687,399,529,6,2,1,3,1,1,3,31,0,0,2,11,0,0,0,0,0,0,0,0,0.002,0.059,0,0.021,0,0,0,0,04:53.7
108,1,1,20231021,app00108,8,8,0,0,2,2,0,0,0,0,0,0,0,0,0,0,0,0,0,0,0,0,0,0,0,0,0,0,0,0,0,0,04:53.7
109,1,1,20231021,app00109,70,28,19,23,4,2,1,1,0,0,1,1,0,0,0,0,0,0,0,0,0,0,0,0,0,0.043,0,0,0,0,0,0,04:53.7
110,1,1,20231021,app00110,8,4,2,2,3,1,1,1,0,0,1,1,0,0,1,1,0,0,0,0,0,0,0,0,0,0.5,0,0.5,0,0,0,0,04:53.7
111,1,1,20231021,app00111,16,0,0,16,1,0,0,1,0,0,0,0,0,0,0,0,0,0,0,0,0,0,0,0,0,0,0,0,0,0,0,0,04:53.7
112,1,1,20231021,app00112,928,255,334,339,6,2,1,3,0,0,2,2,0,0,1,3,0,0,1,9,0,0,1,4,0,0.006,0,0.009,0,0.027,0,0.012,04:53.7
113,1,1,20231021,app00113,237,95,52,90,4,1,1,2,1,2,4,8,0,0,2,6,0,0,1,1,0,0,0,0,0.022,0.089,0,0.067,0,0.011,0,0,04:53.7
114,1,1,20231021,app00114,192,65,54,73,3,1,1,1,0,0,1,3,0,0,2,7,0,0,1,1,0,0,0,0,0,0.041,0,0.096,0,0.014,0,0,04:53.7
115,1,1,20231021,app00115,2,2,0,0,1,1,0,0,0,0,0,0,0,0,0,0,0,0,0,0,0,0,0,0,0,0,0,0,0,0,0,0,04:53.7
116,1,1,20231021,app00116,25,25,0,0,1,1,0,0,0,0,0,0,0,0,0,0,0,0,0,0,0,0,0,0,0,0,0,0,0,0,0,0,04:53.7
117,1,1,20231021,app00117,6,6,0,0,1,1,0,0,0,0,0,0,0,0,0,0,0,0,0,0,0,0,0,0,0,0,0,0,0,0,0,0,04:53.7
118,1,1,20231021,app00118,1202,622,280,300,131,49,44,38,1,1,6,11,0,0,1,5,0,0,0,0,0,0,0,0,0.003,0.037,0,0.017,0,0,0,0,04:53.7
119,1,1,20231021,app00119,620,313,137,170,5,2,1,2,0,0,2,3,0,0,2,4,0,0,0,0,0,0,0,0,0,0.018,0,0.024,0,0,0,0,04:53.7
120,1,1,20231021,app00120,20,20,0,0,2,2,0,0,0,0,0,0,0,0,0,0,0,0,0,0,0,0,0,0,0,0,0,0,0,0,0,0,04:53.7
121,1,1,20231021,app00121,203,52,62,89,5,1,1,3,0,0,1,2,0,0,2,4,0,0,0,0,0,0,0,0,0,0.022,0,0.045,0,0,0,0,04:53.7
122,1,1,20231021,app00122,226,156,3,67,4,2,1,1,0,0,2,12,0,0,2,10,0,0,0,0,0,0,0,0,0,0.179,0,0.149,0,0,0,0,04:53.7
123,1,1,20231021,app00123,101,55,46,0,2,1,1,0,0,0,0,0,0,0,0,0,0,0,0,0,0,0,0,0,0,0,0,0,0,0,0,0,04:53.7
124,1,1,20231021,app00124,25,10,8,7,3,1,1,1,1,1,2,2,0,0,0,0,0,0,0,0,0,0,0,0,0.143,0.286,0,0,0,0,0,0,04:53.7
125,1,1,20231021,app00125,96,33,33,30,3,1,1,1,2,2,5,4,0,0,1,1,0,0,1,1,0,0,0,0,0.067,0.133,0,0.033,0,0.033,0,0,04:53.7
126,1,1,20231021,app00126,24,12,6,6,3,1,1,1,1,1,2,2,0,0,0,0,0,0,0,0,0,0,0,0,0.167,0.333,0,0,0,0,0,0,04:53.7
127,1,1,20231021,app00127,641,213,177,251,3,1,1,1,1,2,6,16,1,1,1,7,0,0,2,3,0,0,0,0,0.008,0.064,0.004,0.028,0,0.012,0,0,04:53.7
128,1,1,20231021,app00128,241,105,63,73,3,1,1,1,0,0,4,5,0,0,2,5,0,0,0,0,0,0,0,0,0,0.068,0,0.068,0,0,0,0,04:53.7
129,1,1,20231021,app00129,12,10,2,0,3,2,1,0,0,0,0,0,0,0,0,0,0,0,0,0,0,0,0,0,0,0,0,0,0,0,0,0,04:53.7
130,1,1,20231021,app00130,594,237,151,206,6,2,2,2,2,4,3,8,1,6,2,2,0,0,0,0,0,0,0,0,0.019,0.039,0.029,0.01,0,0,0,0,04:53.7
131,1,1,20231021,app00131,135,78,26,31,6,2,1,3,1,1,3,4,0,0,1,2,0,0,0,0,0,0,0,0,0.032,0.129,0,0.065,0,0,0,0,04:53.7
132,1,1,20231021,app00132,111,59,28,24,3,1,1,1,0,0,0,0,0,0,0,0,0,0,0,0,0,0,0,0,0,0,0,0,0,0,0,0,04:53.7
133,1,1,20231021,app00133,196,110,1,85,5,1,1,3,0,0,1,2,0,0,1,2,0,0,0,0,0,0,0,0,0,0.024,0,0.024,0,0,0,0,04:53.7
134,1,1,20231021,app00134,32,10,10,12,3,1,1,1,0,0,3,4,0,0,1,2,0,0,1,1,0,0,0,0,0,0.333,0,0.167,0,0.083,0,0,04:53.7
135,1,1,20231021,app00135,1030,367,199,464,3,1,1,1,0,0,4,7,1,2,3,3,0,0,2,1,0,0,0,0,0,0.015,0.004,0.006,0,0.002,0,0,04:53.7
136,1,1,20231021,app00136,23,6,0,17,3,1,0,2,0,0,0,0,0,0,0,0,0,0,0,0,0,0,0,0,0,0,0,0,0,0,0,0,04:53.7
137,1,1,20231021,app00137,1,1,0,0,1,1,0,0,0,0,0,0,0,0,0,0,0,0,0,0,0,0,0,0,0,0,0,0,0,0,0,0,04:53.7
138,1,1,20231021,app00138,2,0,0,2,1,0,0,1,1,1,1,1,1,1,0,0,0,0,0,0,0,0,0,0,0.5,0.5,0.5,0,0,0,0,0,04:53.7
139,1,1,20231021,app00139,1091,353,389,349,111,41,35,35,1,2,4,48,1,1,1,1,0,0,0,0,0,0,0,0,0.006,0.138,0.003,0.003,0,0,0,0,04:53.7
140,1,1,20231021,app00140,544,115,148,281,5,1,1,3,0,0,4,11,1,10,3,7,0,0,0,0,0,0,0,0,0,0.039,0.036,0.025,0,0,0,0,04:53.7
141,1,1,20231021,app00141,375,107,112,156,8,2,2,4,0,0,3,5,0,0,3,11,0,0,0,0,0,0,0,0,0,0.032,0,0.071,0,0,0,0,04:53.7
142,1,1,20231021,app00142,28,8,20,0,2,1,1,0,0,0,0,0,0,0,0,0,0,0,0,0,0,0,0,0,0,0,0,0,0,0,0,0,04:53.7
143,1,1,20231021,app00143,147,34,29,84,3,1,1,1,1,1,3,4,0,0,1,2,0,0,1,1,0,0,0,0,0.012,0.048,0,0.024,0,0.012,0,0,04:53.7
144,1,1,20231021,app00144,44,6,12,26,5,1,1,3,0,0,1,4,1,6,2,2,0,0,0,0,0,0,0,0,0,0.154,0.231,0.077,0,0,0,0,04:53.7
145,1,1,20231021,app00145,170,73,48,49,3,1,1,1,0,0,1,1,0,0,0,0,0,0,0,0,0,0,0,0,0,0.02,0,0,0,0,0,0,04:53.7
146,1,1,20231021,app00146,1100,341,340,419,4,2,1,1,3,36,4,37,1,78,3,5,0,0,0,0,0,0,0,0,0.086,0.088,0.186,0.012,0,0,0,0,04:53.7
147,1,1,20231021,app00147,15,15,0,0,1,1,0,0,0,0,0,0,0,0,0,0,0,0,0,0,0,0,0,0,0,0,0,0,0,0,0,0,04:53.7
148,1,1,20231021,app00148,1,1,0,0,1,1,0,0,0,0,0,0,0,0,0,0,0,0,0,0,0,0,0,0,0,0,0,0,0,0,0,0,04:53.7
149,1,1,20231021,app00149,369,149,86,134,9,3,3,3,0,0,1,1,0,0,0,0,0,0,0,0,0,0,0,0,0,0.007,0,0,0,0,0,0,04:53.7
150,1,1,20231021,app00150,285,84,70,131,14,4,4,6,2,12,7,23,0,0,2,2,0,0,0,0,0,0,0,0,0.092,0.176,0,0.015,0,0,0,0,04:53.7
151,1,1,20231021,app00151,210,81,48,81,5,1,1,3,2,2,4,7,1,2,1,3,0,0,1,1,0,0,0,0,0.025,0.086,0.025,0.037,0,0.012,0,0,04:53.7
152,1,1,20231021,app00152,237,104,57,76,3,1,1,1,2,2,6,5,0,0,1,2,0,0,1,1,0,0,0,0,0.026,0.066,0,0.026,0,0.013,0,0,04:53.7
153,1,1,20231021,app00153,15,15,0,0,1,1,0,0,0,0,0,0,0,0,0,0,0,0,0,0,0,0,0,0,0,0,0,0,0,0,0,0,04:53.7
154,1,1,20231021,app00154,107,55,28,24,3,1,1,1,2,2,3,4,0,0,1,2,0,0,1,1,0,0,0,0,0.083,0.167,0,0.083,0,0.042,0,0,04:53.7
155,1,1,20231021,app00155,20,20,0,0,1,1,0,0,0,0,0,0,0,0,0,0,0,0,0,0,0,0,0,0,0,0,0,0,0,0,0,0,04:53.7
156,1,1,20231021,app00156,1471,344,383,744,9,3,2,4,0,0,1,3,0,0,2,13,0,0,1,2,0,0,1,6,0,0.004,0,0.017,0,0.003,0,0.008,04:53.7
157,1,1,20231021,app00157,723,60,329,334,8,2,3,3,2,3,4,6,0,0,1,4,0,0,1,3,0,0,0,0,0.009,0.018,0,0.012,0,0.009,0,0,04:53.7
158,1,1,20231021,app00158,364,126,102,136,5,1,1,3,2,5,2,8,0,0,1,8,0,0,1,1,0,0,0,0,0.037,0.059,0,0.059,0,0.007,0,0,04:53.7
159,1,1,20231021,app00159,72,29,20,23,3,1,1,1,0,0,1,4,0,0,1,1,0,0,0,0,0,0,0,0,0,0.174,0,0.043,0,0,0,0,04:53.7
160,1,1,20231021,app00160,9,9,0,0,1,1,0,0,0,0,0,0,0,0,0,0,0,0,0,0,0,0,0,0,0,0,0,0,0,0,0,0,04:53.7
161,1,1,20231021,app00161,268,86,75,107,3,1,1,1,0,0,3,10,1,5,4,7,0,0,0,0,0,0,0,0,0,0.093,0.047,0.065,0,0,0,0,04:53.7
162,1,1,20231021,app00162,2145,950,480,715,172,66,48,58,1,1,2,2,0,0,0,0,0,0,0,0,0,0,0,0,0.001,0.003,0,0,0,0,0,0,04:53.7
163,1,1,20231021,app00163,123,65,0,58,2,1,0,1,0,0,1,1,0,0,1,2,0,0,0,0,0,0,0,0,0,0.017,0,0.034,0,0,0,0,04:53.7
164,1,1,20231021,app00164,512,164,171,177,3,1,1,1,0,0,3,4,1,4,1,1,0,0,0,0,0,0,0,0,0,0.023,0.023,0.006,0,0,0,0,04:53.7
165,1,1,20231021,app00165,321,118,115,88,5,1,1,3,1,1,3,4,1,1,1,2,0,0,0,0,0,0,0,0,0.011,0.045,0.011,0.023,0,0,0,0,04:53.7
166,1,1,20231021,app00166,176,152,12,12,6,2,2,2,1,2,2,3,0,0,1,1,0,0,0,0,0,0,0,0,0.167,0.25,0,0.083,0,0,0,0,04:53.7
167,1,1,20231021,app00167,1,1,0,0,1,1,0,0,0,0,0,0,0,0,0,0,0,0,0,0,0,0,0,0,0,0,0,0,0,0,0,0,04:53.7
168,1,1,20231021,app00168,1284,274,422,588,5,1,1,3,1,8,3,7,0,0,1,3,0,0,1,1,0,0,0,0,0.014,0.012,0,0.005,0,0.002,0,0,04:53.7
169,1,1,20231021,app00169,268,110,74,84,3,1,1,1,1,1,3,7,0,0,2,6,0,0,1,1,0,0,0,0,0.012,0.083,0,0.071,0,0.012,0,0,04:53.7
170,1,1,20231021,app00170,87,10,31,46,3,1,1,1,2,1,0,0,0,0,0,0,0,0,0,0,0,0,0,0,0.022,0,0,0,0,0,0,0,04:53.7
171,1,1,20231021,app00171,59,22,20,17,4,1,2,1,2,2,4,5,0,0,1,2,0,0,1,1,0,0,0,0,0.118,0.294,0,0.118,0,0.059,0,0,04:53.7
172,1,1,20231021,app00172,418,161,118,139,3,1,1,1,1,1,5,7,1,1,4,10,0,0,0,0,0,0,0,0,0.007,0.05,0.007,0.072,0,0,0,0,04:53.7
173,1,1,20231021,app00173,60,30,0,30,2,1,0,1,0,0,2,3,1,1,2,3,0,0,0,0,0,0,0,0,0,0.1,0.033,0.1,0,0,0,0,04:53.7
174,1,1,20231021,app00174,167,58,34,75,5,1,1,3,0,0,1,1,0,0,2,2,0,0,0,0,0,0,0,0,0,0.013,0,0.027,0,0,0,0,04:53.7
175,1,1,20231021,app00175,90,30,29,31,3,1,1,1,0,0,1,3,1,2,2,4,0,0,0,0,0,0,0,0,0,0.097,0.065,0.129,0,0,0,0,04:53.7
176,1,1,20231021,app00176,37,11,10,16,5,1,1,3,0,0,3,6,0,0,1,3,0,0,0,0,0,0,0,0,0,0.375,0,0.188,0,0,0,0,04:53.7
177,1,1,20231021,app00177,46,46,0,0,1,1,0,0,0,0,0,0,0,0,0,0,0,0,0,0,0,0,0,0,0,0,0,0,0,0,0,0,04:53.7
178,1,1,20231021,app00178,4,0,0,4,1,0,0,1,0,0,0,0,0,0,0,0,0,0,0,0,0,0,0,0,0,0,0,0,0,0,0,0,04:53.7
179,1,1,20231021,app00179,21,18,0,3,2,1,0,1,0,0,1,1,0,0,2,1,0,0,0,0,0,0,0,0,0,0.333,0,0.333,0,0,0,0,04:53.7
180,1,1,20231021,app00180,8,2,3,3,3,1,1,1,0,0,0,0,0,0,0,0,0,0,0,0,0,0,0,0,0,0,0,0,0,0,0,0,04:53.7
181,1,1,20231021,app00181,97,35,0,62,3,1,0,2,0,0,3,4,0,0,1,2,0,0,0,0,0,0,0,0,0,0.065,0,0.032,0,0,0,0,04:53.7
182,1,1,20231021,app00182,389,199,70,120,3,1,1,1,1,1,6,13,0,0,1,9,0,0,1,1,0,0,0,0,0.008,0.108,0,0.075,0,0.008,0,0,04:53.7
183,1,1,20231021,app00183,45,1,11,33,5,1,1,3,0,0,2,1,0,0,1,1,0,0,0,0,0,0,1,2,0,0.03,0,0.03,0,0,0,0.061,04:53.7
184,1,1,20231021,app00184,25,25,0,0,1,1,0,0,0,0,0,0,0,0,0,0,0,0,0,0,0,0,0,0,0,0,0,0,0,0,0,0,04:53.7
185,1,1,20231021,app00185,2,2,0,0,1,1,0,0,0,0,0,0,0,0,0,0,0,0,0,0,0,0,0,0,0,0,0,0,0,0,0,0,04:53.7
186,1,1,20231021,app00186,2,1,0,1,2,1,0,1,0,0,0,0,0,0,0,0,0,0,0,0,0,0,0,0,0,0,0,0,0,0,0,0,04:53.7
187,1,1,20231021,app00187,121,28,25,68,3,1,1,1,1,1,3,3,0,0,1,1,0,0,0,0,0,0,0,0,0.015,0.044,0,0.015,0,0,0,0,04:53.7
188,1,1,20231021,app00188,14,7,5,2,3,1,1,1,0,0,0,0,0,0,0,0,0,0,0,0,0,0,0,0,0,0,0,0,0,0,0,0,04:53.7
189,1,1,20231021,app00189,31,31,0,0,1,1,0,0,0,0,0,0,0,0,0,0,0,0,0,0,0,0,0,0,0,0,0,0,0,0,0,0,04:53.7
190,1,1,20231021,app00190,1,1,0,0,1,1,0,0,0,0,0,0,0,0,0,0,0,0,0,0,0,0,0,0,0,0,0,0,0,0,0,0,04:53.7
191,1,1,20231021,app00191,148,55,33,60,3,1,1,1,1,1,1,1,0,0,0,0,0,0,0,0,0,0,0,0,0.017,0.017,0,0,0,0,0,0,04:53.7
192,1,1,20231021,app00192,58,2,0,56,2,1,0,1,0,0,1,1,0,0,1,1,0,0,0,0,0,0,0,0,0,0.018,0,0.018,0,0,0,0,04:53.7
193,1,1,20231021,app00193,734,229,181,324,5,1,1,3,1,1,5,22,0,0,2,11,0,0,1,1,0,0,0,0,0.003,0.068,0,0.034,0,0.003,0,0,04:53.7
194,1,1,20231021,app00194,334,111,90,133,3,1,1,1,2,7,2,7,0,0,2,7,0,0,1,1,0,0,0,0,0.053,0.053,0,0.053,0,0.008,0,0,04:53.7
195,1,1,20231021,app00195,98,0,34,64,2,0,1,1,0,0,0,0,0,0,0,0,0,0,0,0,0,0,0,0,0,0,0,0,0,0,0,0,04:53.7
196,1,1,20231021,app00196,285,121,65,99,6,1,2,3,1,1,3,3,0,0,1,2,0,0,0,0,0,0,0,0,0.01,0.03,0,0.02,0,0,0,0,04:53.7
197,1,1,20231021,app00197,3,0,0,3,1,0,0,1,0,0,0,0,0,0,0,0,0,0,0,0,0,0,0,0,0,0,0,0,0,0,0,0,04:53.7
198,1,1,20231021,app00198,21,6,7,8,3,1,1,1,2,2,4,5,0,0,1,2,0,0,1,1,0,0,0,0,0.25,0.625,0,0.25,0,0.125,0,0,04:53.7
199,1,1,20231021,app00199,5,5,0,0,1,1,0,0,0,0,0,0,0,0,0,0,0,0,0,0,0,0,0,0,0,0,0,0,0,0,0,0,04:53.7
200,1,1,20231021,app00200,9,9,0,0,1,1,0,0,0,0,0,0,0,0,0,0,0,0,0,0,0,0,0,0,0,0,0,0,0,0,0,0,04:53.7
201,1,1,20231021,app00201,38,12,0,26,3,1,0,2,0,0,0,0,0,0,0,0,0,0,0,0,0,0,0,0,0,0,0,0,0,0,0,0,04:53.7
202,1,1,20231021,app00202,3,3,0,0,1,1,0,0,0,0,0,0,0,0,0,0,0,0,0,0,0,0,0,0,0,0,0,0,0,0,0,0,04:53.7
203,1,1,20231021,app00203,511,211,143,157,7,3,2,2,0,0,2,3,0,0,1,2,0,0,0,0,0,0,0,0,0,0.019,0,0.013,0,0,0,0,04:53.7
204,1,1,20231021,app00204,467,200,140,127,5,1,1,3,0,0,3,9,1,1,2,4,0,0,0,0,0,0,0,0,0,0.071,0.008,0.031,0,0,0,0,04:53.7
205,1,1,20231021,app00205,37,9,9,19,3,1,1,1,0,0,1,1,0,0,1,1,0,0,0,0,0,0,0,0,0,0.053,0,0.053,0,0,0,0,04:53.7
206,1,1,20231021,app00206,12,4,4,4,3,1,1,1,1,1,1,1,0,0,0,0,0,0,0,0,0,0,0,0,0.25,0.25,0,0,0,0,0,0,04:53.7
207,1,1,20231021,app00207,10,5,5,0,2,1,1,0,0,0,0,0,0,0,0,0,0,0,0,0,0,0,0,0,0,0,0,0,0,0,0,0,04:53.7
208,1,1,20231021,app00208,4,4,0,0,1,1,0,0,0,0,0,0,0,0,0,0,0,0,0,0,0,0,0,0,0,0,0,0,0,0,0,0,04:53.7
209,1,1,20231021,app00209,115,43,32,40,5,1,1,3,0,0,2,2,0,0,1,2,0,0,0,0,0,0,0,0,0,0.05,0,0.05,0,0,0,0,04:53.7
210,1,1,20231021,app00210,68,34,29,5,4,1,1,2,0,0,0,0,0,0,0,0,0,0,0,0,0,0,0,0,0,0,0,0,0,0,0,0,04:53.7
211,1,1,20231021,app00211,6,2,2,2,3,1,1,1,0,0,0,0,0,0,0,0,0,0,0,0,0,0,0,0,0,0,0,0,0,0,0,0,04:53.7
212,1,1,20231021,app00212,3,3,0,0,1,1,0,0,0,0,0,0,0,0,0,0,0,0,0,0,0,0,0,0,0,0,0,0,0,0,0,0,04:53.7
213,1,1,20231021,app00213,8,7,0,1,3,2,0,1,0,0,0,0,0,0,0,0,0,0,0,0,0,0,0,0,0,0,0,0,0,0,0,0,04:53.7
214,1,1,20231021,app00214,12,7,0,5,4,1,0,3,0,0,2,3,0,0,1,2,0,0,0,0,0,0,0,0,0,0.6,0,0.4,0,0,0,0,04:53.7
215,1,1,20231021,app00215,8,4,2,2,4,2,1,1,1,1,1,1,0,0,1,1,0,0,0,0,0,0,0,0,0.5,0.5,0,0.5,0,0,0,0,04:53.7
216,1,1,20231021,app00216,1,0,0,1,1,0,0,1,0,0,0,0,0,0,0,0,0,0,0,0,0,0,0,0,0,0,0,0,0,0,0,0,04:53.7
217,1,1,20231021,app00217,2,0,0,2,1,0,0,1,0,0,0,0,0,0,0,0,0,0,0,0,0,0,0,0,0,0,0,0,0,0,0,0,04:53.7
218,1,1,20231021,app00218,16,5,5,6,15,5,5,5,0,0,0,0,0,0,0,0,0,0,0,0,0,0,0,0,0,0,0,0,0,0,0,0,04:53.7
219,1,1,20231021,app00219,168,56,37,75,5,1,1,3,1,1,3,9,1,1,1,3,0,0,1,1,0,0,0,0,0.013,0.12,0.013,0.04,0,0.013,0,0,04:53.7
220,1,1,20231021,app00220,71,12,12,47,3,1,1,1,1,1,2,2,0,0,0,0,0,0,0,0,0,0,0,0,0.021,0.043,0,0,0,0,0,0,04:53.7
221,1,1,20231021,app00221,54,18,18,18,3,1,1,1,1,1,3,7,0,0,1,3,0,0,1,1,0,0,0,0,0.056,0.389,0,0.167,0,0.056,0,0,04:53.7
222,1,1,20231021,app00222,293,88,82,123,4,2,1,1,1,1,3,9,0,0,4,6,0,0,0,0,0,0,0,0,0.008,0.073,0,0.049,0,0,0,0,04:53.7
223,1,1,20231021,app00223,485,71,244,170,7,2,2,3,0,0,2,2,0,0,1,1,0,0,0,0,0,0,0,0,0,0.012,0,0.006,0,0,0,0,04:53.7
224,1,1,20231021,app00224,112,36,37,39,4,1,1,2,0,0,2,4,0,0,2,4,0,0,0,0,0,0,0,0,0,0.103,0,0.103,0,0,0,0,04:53.7
225,1,1,20231021,app00225,1,1,0,0,1,1,0,0,0,0,0,0,0,0,0,0,0,0,0,0,0,0,0,0,0,0,0,0,0,0,0,0,04:53.7
226,1,1,20231021,app00226,105,62,43,0,2,1,1,0,0,0,0,0,0,0,0,0,0,0,0,0,0,0,0,0,0,0,0,0,0,0,0,0,04:53.7
227,1,1,20231021,app00227,19,19,0,0,1,1,0,0,0,0,0,0,0,0,0,0,0,0,0,0,0,0,0,0,0,0,0,0,0,0,0,0,04:53.7
228,1,1,20231021,app00228,4,2,2,0,2,1,1,0,0,0,0,0,0,0,0,0,0,0,0,0,0,0,0,0,0,0,0,0,0,0,0,0,04:53.7
229,1,1,20231021,app00229,9,0,9,0,1,0,1,0,0,0,0,0,0,0,0,0,0,0,0,0,0,0,0,0,0,0,0,0,0,0,0,0,04:53.7
230,1,1,20231021,app00230,5,5,0,0,1,1,0,0,0,0,0,0,0,0,0,0,0,0,0,0,0,0,0,0,0,0,0,0,0,0,0,0,04:53.7
231,1,1,20231021,app00231,170,57,38,75,3,1,1,1,1,1,2,4,0,0,1,3,0,0,1,1,0,0,0,0,0.013,0.053,0,0.04,0,0.013,0,0,04:53.7
232,1,1,20231021,app00232,54,0,15,39,2,0,1,1,0,0,0,0,0,0,0,0,0,0,0,0,0,0,0,0,0,0,0,0,0,0,0,0,04:53.7
233,1,1,20231021,app00233,13,7,0,6,2,1,0,1,0,0,2,2,0,0,1,1,0,0,0,0,0,0,0,0,0,0.333,0,0.167,0,0,0,0,04:53.7
234,1,1,20231021,app00234,196,133,0,63,5,2,0,3,0,0,3,13,0,0,1,2,0,0,0,0,0,0,0,0,0,0.206,0,0.032,0,0,0,0,04:53.7
235,1,1,20231021,app00235,134,29,0,105,3,1,0,2,0,0,2,4,0,0,1,1,0,0,0,0,0,0,0,0,0,0.038,0,0.01,0,0,0,0,04:53.7
236,1,1,20231021,app00236,10,4,3,3,5,2,2,1,0,0,0,0,0,0,0,0,0,0,0,0,0,0,0,0,0,0,0,0,0,0,0,0,04:53.7
237,1,1,20231021,app00237,7,7,0,0,1,1,0,0,0,0,0,0,0,0,0,0,0,0,0,0,0,0,0,0,0,0,0,0,0,0,0,0,04:53.7
238,1,1,20231021,app00238,1,1,0,0,1,1,0,0,0,0,0,0,0,0,0,0,0,0,0,0,0,0,0,0,0,0,0,0,0,0,0,0,04:53.7
239,1,1,20231021,app00239,3,3,0,0,1,1,0,0,0,0,0,0,0,0,0,0,0,0,0,0,0,0,0,0,0,0,0,0,0,0,0,0,04:53.7
240,1,1,20231021,app00240,224,89,60,75,3,1,1,1,0,0,1,2,0,0,2,4,0,0,0,0,0,0,0,0,0,0.027,0,0.053,0,0,0,0,04:53.7
241,1,1,20231021,app00241,689,225,183,281,5,1,1,3,2,7,4,16,0,0,2,5,0,0,1,2,0,0,0,0,0.025,0.057,0,0.018,0,0.007,0,0,04:53.7
242,1,1,20231021,app00242,494,150,149,195,3,1,1,1,2,4,3,7,0,0,1,1,0,0,1,2,0,0,0,0,0.021,0.036,0,0.005,0,0.01,0,0,04:53.7
243,1,1,20231021,app00243,300,71,97,132,4,2,1,1,1,1,5,12,1,1,4,8,0,0,0,0,0,0,0,0,0.008,0.091,0.008,0.061,0,0,0,0,04:53.7
244,1,1,20231021,app00244,105,59,17,29,6,2,1,3,0,0,1,1,0,0,1,1,0,0,0,0,0,0,0,0,0,0.034,0,0.034,0,0,0,0,04:53.7
245,1,1,20231021,app00245,1502,351,358,793,4,1,1,2,0,0,3,5,1,23,2,3,0,0,1,11,0,0,1,13,0,0.006,0.029,0.004,0,0.014,0,0.016,04:53.7
246,1,1,20231021,app00246,31,31,0,0,1,1,0,0,0,0,0,0,0,0,0,0,0,0,0,0,0,0,0,0,0,0,0,0,0,0,0,0,04:53.7
247,1,1,20231021,app00247,21,10,11,0,2,1,1,0,0,0,0,0,0,0,0,0,0,0,0,0,0,0,0,0,0,0,0,0,0,0,0,0,04:53.7
248,1,1,20231021,app00248,2,0,0,2,1,0,0,1,0,0,0,0,0,0,0,0,0,0,0,0,0,0,0,0,0,0,0,0,0,0,0,0,04:53.7
249,1,1,20231021,app00249,1,0,0,1,1,0,0,1,0,0,0,0,0,0,0,0,0,0,0,0,0,0,0,0,0,0,0,0,0,0,0,0,04:53.7
250,1,1,20231021,app00250,61,61,0,0,1,1,0,0,0,0,0,0,0,0,0,0,0,0,0,0,0,0,0,0,0,0,0,0,0,0,0,0,04:53.7
251,1,1,20231021,app00251,1,0,1,0,1,0,1,0,0,0,0,0,0,0,0,0,0,0,0,0,0,0,0,0,0,0,0,0,0,0,0,0,04:53.7
252,1,1,20231021,app00252,137,52,35,50,6,1,1,4,1,1,2,3,0,0,1,2,0,0,1,1,0,0,0,0,0.02,0.06,0,0.04,0,0.02,0,0,04:53.7
253,1,1,20231021,app00253,233,101,58,74,3,1,1,1,0,0,2,5,0,0,2,7,0,0,1,1,0,0,0,0,0,0.068,0,0.095,0,0.014,0,0,04:53.7
254,1,1,20231021,app00254,38,14,12,12,3,1,1,1,1,1,1,1,0,0,1,1,0,0,0,0,0,0,0,0,0.083,0.083,0,0.083,0,0,0,0,04:53.7
255,1,1,20231021,app00255,428,44,174,210,6,2,1,3,0,0,3,5,0,0,2,5,0,0,1,3,0,0,0,0,0,0.024,0,0.024,0,0.014,0,0,04:53.7
256,1,1,20231021,app00256,2,0,2,0,1,0,1,0,0,0,0,0,0,0,0,0,0,0,0,0,0,0,0,0,0,0,0,0,0,0,0,0,04:53.7
257,1,1,20231021,app00257,211,67,60,84,3,1,1,1,1,1,3,6,0,0,2,6,0,0,1,1,0,0,0,0,0.012,0.071,0,0.071,0,0.012,0,0,04:53.7
258,1,1,20231021,app00258,105,32,33,40,3,1,1,1,1,1,1,1,0,0,0,0,0,0,0,0,0,0,0,0,0.025,0.025,0,0,0,0,0,0,04:53.7
259,1,1,20231021,app00259,173,75,39,59,3,1,1,1,1,1,2,2,0,0,0,0,0,0,0,0,0,0,0,0,0.017,0.034,0,0,0,0,0,0,04:53.7
260,1,1,20231021,app00260,76,24,27,25,3,1,1,1,1,1,2,4,0,0,3,4,0,0,0,0,0,0,0,0,0.04,0.16,0,0.16,0,0,0,0,04:53.7
261,1,1,20231021,app00261,1,1,0,0,1,1,0,0,0,0,0,0,0,0,0,0,0,0,0,0,0,0,0,0,0,0,0,0,0,0,0,0,04:53.7
262,1,1,20231021,app00262,13,13,0,0,1,1,0,0,0,0,0,0,0,0,0,0,0,0,0,0,0,0,0,0,0,0,0,0,0,0,0,0,04:53.7
263,1,1,20231021,app00263,834,185,157,492,5,1,1,3,0,0,2,6,1,1,2,4,0,0,1,40,1,1,1,26,0,0.012,0.002,0.008,0,0.081,0.002,0.053,04:53.7
264,1,1,20231021,app00264,336,105,108,123,3,1,1,1,0,0,2,2,1,2,2,3,0,0,0,0,0,0,0,0,0,0.016,0.016,0.024,0,0,0,0,04:53.7
265,1,1,20231021,app00265,79,79,0,0,2,2,0,0,0,0,0,0,0,0,0,0,0,0,0,0,0,0,0,0,0,0,0,0,0,0,0,0,04:53.7
266,1,1,20231021,app00266,4,4,0,0,1,1,0,0,0,0,0,0,0,0,0,0,0,0,0,0,0,0,0,0,0,0,0,0,0,0,0,0,04:53.7
267,1,1,20231021,app00267,2,0,0,2,1,0,0,1,0,0,0,0,0,0,0,0,0,0,0,0,0,0,0,0,0,0,0,0,0,0,0,0,04:53.7
268,1,1,20231021,app00268,392,154,97,141,6,2,2,2,2,2,4,6,0,0,1,2,0,0,2,2,0,0,0,0,0.014,0.043,0,0.014,0,0.014,0,0,04:53.7
269,1,1,20231021,app00269,9,3,3,3,3,1,1,1,0,0,0,0,0,0,0,0,0,0,0,0,0,0,0,0,0,0,0,0,0,0,0,0,04:53.7
270,1,1,20231021,app00270,144,48,29,67,5,1,1,3,1,1,4,5,0,0,1,1,0,0,0,0,0,0,0,0,0.015,0.075,0,0.015,0,0,0,0,04:53.7
271,1,1,20231021,app00271,2,2,0,0,1,1,0,0,0,0,0,0,0,0,0,0,0,0,0,0,0,0,0,0,0,0,0,0,0,0,0,0,04:53.7
272,1,1,20231021,app00272,10,10,0,0,3,3,0,0,0,0,0,0,0,0,0,0,0,0,0,0,0,0,0,0,0,0,0,0,0,0,0,0,04:53.7
273,1,1,20231021,app00273,176,73,31,72,3,1,1,1,1,1,1,1,0,0,0,0,0,0,0,0,0,0,0,0,0.014,0.014,0,0,0,0,0,0,04:53.7
274,1,1,20231021,app00274,239,57,82,100,7,2,2,3,1,1,4,5,0,0,3,4,0,0,0,0,0,0,0,0,0.01,0.05,0,0.04,0,0,0,0,04:53.7
275,1,1,20231021,app00275,74,61,0,13,2,1,0,1,2,1,1,1,0,0,1,1,0,0,0,0,0,0,0,0,0.077,0.077,0,0.077,0,0,0,0,04:53.7
276,1,1,20231021,app00276,85,26,25,34,3,1,1,1,1,1,3,5,0,0,1,5,0,0,1,1,0,0,0,0,0.029,0.147,0,0.147,0,0.029,0,0,04:53.7
277,1,1,20231021,app00277,190,57,46,87,3,1,1,1,1,2,5,8,0,0,1,3,0,0,2,2,0,0,0,0,0.023,0.092,0,0.034,0,0.023,0,0,04:53.7
278,1,1,20231021,app00278,8,7,1,0,3,2,1,0,0,0,0,0,0,0,0,0,0,0,0,0,0,0,0,0,0,0,0,0,0,0,0,0,04:53.7
279,1,1,20231021,app00279,94,94,0,0,1,1,0,0,0,0,0,0,0,0,0,0,0,0,0,0,0,0,0,0,0,0,0,0,0,0,0,0,04:53.7
280,1,1,20231021,app00280,476,104,70,302,7,2,1,4,2,12,5,12,0,0,1,7,0,0,1,1,0,0,0,0,0.04,0.04,0,0.023,0,0.003,0,0,04:53.7
281,1,1,20231021,app00281,31,10,11,10,3,1,1,1,1,1,2,2,0,0,0,0,0,0,0,0,0,0,0,0,0.1,0.2,0,0,0,0,0,0,04:53.7
282,1,1,20231021,app00282,9,2,0,7,4,1,0,3,0,0,0,0,0,0,1,2,0,0,0,0,0,0,0,0,0,0,0,0.286,0,0,0,0,04:53.7
283,1,1,20231021,app00283,2,2,0,0,1,1,0,0,0,0,0,0,0,0,0,0,0,0,0,0,0,0,0,0,0,0,0,0,0,0,0,0,04:53.7
284,1,1,20231021,app00284,2,0,0,2,1,0,0,1,0,0,0,0,0,0,0,0,0,0,0,0,0,0,0,0,0,0,0,0,0,0,0,0,04:53.7
285,1,1,20231021,app00285,306,122,83,101,3,1,1,1,2,2,6,9,0,0,1,4,0,0,2,2,0,0,0,0,0.02,0.089,0,0.04,0,0.02,0,0,04:53.7
286,1,1,20231021,app00286,347,138,96,113,45,19,17,9,2,6,3,9,0,0,4,4,0,0,1,1,0,0,0,0,0.053,0.08,0,0.035,0,0.009,0,0,04:53.7
287,1,1,20231021,app00287,62,29,15,18,3,1,1,1,1,1,2,2,0,0,0,0,0,0,0,0,0,0,0,0,0.056,0.111,0,0,0,0,0,0,04:53.7
288,1,1,20231021,app00288,224,75,52,97,5,1,1,3,1,2,2,6,0,0,1,4,0,0,0,0,0,0,0,0,0.021,0.062,0,0.041,0,0,0,0,04:53.7
289,1,1,20231021,app00289,68,38,30,0,2,1,1,0,0,0,0,0,0,0,0,0,0,0,0,0,0,0,0,0,0,0,0,0,0,0,0,0,04:53.7
290,1,1,20231021,app00290,853,296,272,285,4,2,1,1,2,2,3,10,2,5,2,7,0,0,1,1,0,0,0,0,0.007,0.035,0.018,0.025,0,0.004,0,0,04:53.7
291,1,1,20231021,app00291,221,68,51,102,5,1,1,3,2,2,4,5,0,0,2,2,0,0,0,0,0,0,0,0,0.02,0.049,0,0.02,0,0,0,0,04:53.7
292,1,1,20231021,app00292,209,50,35,124,3,1,1,1,2,2,2,4,0,0,1,3,0,0,0,0,0,0,0,0,0.016,0.032,0,0.024,0,0,0,0,04:53.7
293,1,1,20231021,app00293,12,12,0,0,1,1,0,0,0,0,0,0,0,0,0,0,0,0,0,0,0,0,0,0,0,0,0,0,0,0,0,0,04:53.7
294,1,1,20231021,app00294,117,36,23,58,3,1,1,1,2,2,2,2,0,0,0,0,0,0,0,0,0,0,0,0,0.034,0.034,0,0,0,0,0,0,04:53.7
295,1,1,20231021,app00295,25,25,0,0,1,1,0,0,0,0,0,0,0,0,0,0,0,0,0,0,0,0,0,0,0,0,0,0,0,0,0,0,04:53.7
296,1,1,20231021,app00296,47,27,0,20,2,1,0,1,0,0,0,0,0,0,0,0,0,0,0,0,0,0,0,0,0,0,0,0,0,0,0,0,04:53.7
297,1,1,20231021,app00297,2,2,0,0,1,1,0,0,0,0,0,0,0,0,0,0,0,0,0,0,0,0,0,0,0,0,0,0,0,0,0,0,04:53.7
298,1,1,20231021,app00298,190,59,56,75,5,1,1,3,0,0,2,3,0,0,2,3,0,0,0,0,0,0,0,0,0,0.04,0,0.04,0,0,0,0,04:53.7
299,1,1,20231021,app00299,357,164,0,193,3,2,0,1,0,0,2,5,0,0,1,6,0,0,1,1,0,0,0,0,0,0.026,0,0.031,0,0.005,0,0,04:53.7
300,1,1,20231021,app00300,6,6,0,0,1,1,0,0,0,0,0,0,0,0,0,0,0,0,0,0,0,0,0,0,0,0,0,0,0,0,0,0,04:53.7
301,1,1,20231021,app00301,1,0,0,1,1,0,0,1,0,0,0,0,0,0,0,0,0,0,0,0,0,0,0,0,0,0,0,0,0,0,0,0,04:53.7
302,1,1,20231021,app00302,4,2,2,0,2,1,1,0,0,0,0,0,0,0,0,0,0,0,0,0,0,0,0,0,0,0,0,0,0,0,0,0,04:53.7
303,1,1,20231021,app00303,3095,1221,894,980,171,66,48,57,2,2,6,156,0,0,1,62,0,0,0,0,0,0,0,0,0.002,0.159,0,0.063,0,0,0,0,04:53.7
304,1,1,20231021,app00304,26,10,8,8,3,1,1,1,0,0,0,0,0,0,1,1,0,0,0,0,0,0,0,0,0,0,0,0.125,0,0,0,0,04:53.7
305,1,1,20231021,app00305,164,48,36,80,5,1,1,3,1,1,1,1,0,0,1,1,0,0,0,0,0,0,0,0,0.013,0.013,0,0.013,0,0,0,0,04:53.7
306,1,1,20231021,app00306,310,119,97,94,4,2,1,1,0,0,2,29,0,0,1,29,0,0,0,0,0,0,0,0,0,0.309,0,0.309,0,0,0,0,04:53.7
307,1,1,20231021,app00307,65,18,17,30,3,1,1,1,0,0,3,3,1,6,2,3,0,0,0,0,0,0,0,0,0,0.1,0.2,0.1,0,0,0,0,04:53.7
308,1,1,20231021,app00308,151,51,30,70,3,1,1,1,2,2,4,6,0,0,1,3,0,0,1,1,0,0,0,0,0.029,0.086,0,0.043,0,0.014,0,0,04:53.7
309,1,1,20231021,app00309,51,21,14,16,3,1,1,1,0,0,3,5,0,0,1,4,0,0,0,0,0,0,0,0,0,0.313,0,0.25,0,0,0,0,04:53.7
310,1,1,20231021,app00310,2,2,0,0,1,1,0,0,0,0,0,0,0,0,0,0,0,0,0,0,0,0,0,0,0,0,0,0,0,0,0,0,04:53.7
311,1,1,20231021,app00311,17,8,9,0,2,1,1,0,0,0,0,0,0,0,0,0,0,0,0,0,0,0,0,0,0,0,0,0,0,0,0,0,04:53.7
312,1,1,20231021,app00312,21,21,0,0,1,1,0,0,0,0,0,0,0,0,0,0,0,0,0,0,0,0,0,0,0,0,0,0,0,0,0,0,04:53.7
313,1,1,20231021,app00313,928,306,202,420,171,65,48,58,0,0,2,2,0,0,1,2,0,0,0,0,0,0,0,0,0,0.005,0,0.005,0,0,0,0,04:53.7
314,1,1,20231021,app00314,200,82,39,79,3,1,1,1,2,2,2,3,0,0,1,2,0,0,1,1,0,0,0,0,0.025,0.038,0,0.025,0,0.013,0,0,04:53.7
315,1,1,20231021,app00315,780,279,237,264,9,3,2,4,0,0,4,13,1,5,2,6,0,0,0,0,0,0,0,0,0,0.049,0.019,0.023,0,0,0,0,04:53.7
316,1,1,20231021,app00316,256,108,59,89,5,1,2,2,0,0,2,4,0,0,3,6,0,0,0,0,0,0,0,0,0,0.045,0,0.067,0,0,0,0,04:53.7
317,1,1,20231021,app00317,10,10,0,0,2,2,0,0,0,0,0,0,0,0,0,0,0,0,0,0,0,0,0,0,0,0,0,0,0,0,0,0,04:53.7
318,1,1,20231021,app00318,44,6,0,38,2,1,0,1,2,4,1,1,0,0,0,0,0,0,0,0,0,0,0,0,0.105,0.026,0,0,0,0,0,0,04:53.7
319,1,1,20231021,app00319,388,96,86,206,3,1,1,1,3,5,4,12,0,0,1,2,0,0,1,1,0,0,0,0,0.024,0.058,0,0.01,0,0.005,0,0,04:53.7
320,1,1,20231021,app00320,7,0,0,7,1,0,0,1,0,0,1,2,0,0,0,0,0,0,0,0,0,0,0,0,0,0.286,0,0,0,0,0,0,04:53.7
321,1,1,20231021,app00321,228,170,45,13,5,2,2,1,1,1,1,1,0,0,0,0,0,0,0,0,0,0,0,0,0.077,0.077,0,0,0,0,0,0,04:53.7
322,1,1,20231021,app00322,154,64,33,57,3,1,1,1,1,1,3,3,0,0,1,1,0,0,0,0,0,0,0,0,0.018,0.053,0,0.018,0,0,0,0,04:53.7
323,1,1,20231021,app00323,408,158,111,139,6,2,2,2,2,8,5,20,0,0,1,11,0,0,1,2,0,0,0,0,0.058,0.144,0,0.079,0,0.014,0,0,04:53.7
324,1,1,20231021,app00324,9,1,2,6,3,1,1,1,1,2,2,4,0,0,1,2,0,0,0,0,0,0,0,0,0.333,0.667,0,0.333,0,0,0,0,04:53.7
325,1,1,20231021,app00325,2,2,0,0,1,1,0,0,0,0,0,0,0,0,0,0,0,0,0,0,0,0,0,0,0,0,0,0,0,0,0,0,04:53.7
326,1,1,20231021,app00326,1,0,0,1,1,0,0,1,0,0,0,0,0,0,0,0,0,0,0,0,0,0,0,0,0,0,0,0,0,0,0,0,04:53.7
327,1,1,20231021,app00327,9,3,3,3,3,1,1,1,0,0,0,0,0,0,0,0,0,0,0,0,0,0,0,0,0,0,0,0,0,0,0,0,04:53.7
328,1,1,20231021,app00328,181,61,41,79,3,1,1,1,1,1,3,8,0,0,1,5,0,0,1,1,0,0,0,0,0.013,0.101,0,0.063,0,0.013,0,0,04:53.7
329,1,1,20231021,app00329,253,86,68,99,8,2,2,4,2,4,4,4,0,0,1,3,0,0,1,1,0,0,0,0,0.04,0.04,0,0.03,0,0.01,0,0,04:53.7
330,1,1,20231021,app00330,521,253,0,268,4,2,0,2,0,0,2,2,0,0,1,3,0,0,1,4,0,0,0,0,0,0.007,0,0.011,0,0.015,0,0,04:53.7
331,1,1,20231021,app00331,525,179,161,185,6,1,1,4,1,1,7,13,0,0,1,5,0,0,0,0,0,0,0,0,0.005,0.07,0,0.027,0,0,0,0,04:53.7
332,1,1,20231021,app00332,29,11,8,10,3,1,1,1,0,0,1,1,0,0,0,0,0,0,0,0,0,0,0,0,0,0.1,0,0,0,0,0,0,04:53.7
333,1,1,20231021,app00333,507,166,134,207,5,1,1,3,1,1,2,2,0,0,1,7,0,0,0,0,0,0,0,0,0.005,0.01,0,0.034,0,0,0,0,04:53.7
334,1,1,20231021,app00334,270,96,75,99,5,1,1,3,1,1,5,10,0,0,1,5,0,0,0,0,0,0,0,0,0.01,0.101,0,0.051,0,0,0,0,04:53.7
335,1,1,20231021,app00335,287,98,66,123,3,1,1,1,2,2,3,3,0,0,0,0,0,0,0,0,0,0,0,0,0.016,0.024,0,0,0,0,0,0,04:53.7
336,1,1,20231021,app00336,25,8,8,9,3,1,1,1,1,1,2,2,0,0,0,0,0,0,0,0,0,0,0,0,0.111,0.222,0,0,0,0,0,0,04:53.7
337,1,1,20231021,app00337,190,73,40,77,3,1,1,1,2,2,3,6,0,0,1,4,0,0,1,1,0,0,0,0,0.026,0.078,0,0.052,0,0.013,0,0,04:53.7
338,1,1,20231021,app00338,106,35,35,36,3,1,1,1,2,6,6,12,0,0,1,4,0,0,2,2,0,0,0,0,0.167,0.333,0,0.111,0,0.056,0,0,04:53.7
339,1,1,20231021,app00339,5,5,0,0,1,1,0,0,0,0,0,0,0,0,0,0,0,0,0,0,0,0,0,0,0,0,0,0,0,0,0,0,04:53.7
340,1,1,20231021,app00340,11,9,2,0,2,1,1,0,0,0,0,0,0,0,0,0,0,0,0,0,0,0,0,0,0,0,0,0,0,0,0,0,04:53.7
341,1,1,20231021,app00341,2,0,0,2,1,0,0,1,0,0,0,0,0,0,0,0,0,0,0,0,0,0,0,0,0,0,0,0,0,0,0,0,04:53.7
342,1,1,20231021,app00342,21,9,8,4,3,1,1,1,0,0,2,2,0,0,1,2,0,0,0,0,0,0,0,0,0,0.5,0,0.5,0,0,0,0,04:53.7
343,1,1,20231021,app00343,261,84,68,109,3,1,1,1,2,2,3,7,0,0,2,6,0,0,1,1,0,0,0,0,0.018,0.064,0,0.055,0,0.009,0,0,04:53.7
344,1,1,20231021,app00344,49,17,15,17,5,2,2,1,2,2,3,4,0,0,1,2,0,0,2,2,0,0,0,0,0.118,0.235,0,0.118,0,0.118,0,0,04:53.7
345,1,1,20231021,app00345,139,43,29,67,3,1,1,1,1,1,3,4,0,0,1,2,0,0,1,1,0,0,0,0,0.015,0.06,0,0.03,0,0.015,0,0,04:53.7
346,1,1,20231021,app00346,195,69,50,76,3,1,1,1,2,2,4,7,0,0,1,1,0,0,0,0,0,0,0,0,0.026,0.092,0,0.013,0,0,0,0,04:53.7
347,1,1,20231021,app00347,2,1,1,0,2,1,1,0,0,0,0,0,0,0,0,0,0,0,0,0,0,0,0,0,0,0,0,0,0,0,0,0,04:53.7
348,1,1,20231021,app00348,1,0,0,1,1,0,0,1,0,0,0,0,0,0,0,0,0,0,0,0,0,0,0,0,0,0,0,0,0,0,0,0,04:53.7
349,1,1,20231021,app00349,126,48,52,26,3,1,1,1,0,0,2,4,1,1,2,2,0,0,0,0,0,0,0,0,0,0.154,0.038,0.077,0,0,0,0,04:53.7
350,1,1,20231021,app00350,146,49,31,66,3,1,1,1,2,3,6,6,0,0,2,3,0,0,1,1,0,0,0,0,0.045,0.091,0,0.045,0,0.015,0,0,04:53.7
351,1,1,20231021,app00351,32,16,16,0,2,1,1,0,0,0,0,0,0,0,0,0,0,0,0,0,0,0,0,0,0,0,0,0,0,0,0,0,04:53.7
352,1,1,20231021,app00352,8,8,0,0,1,1,0,0,0,0,0,0,0,0,0,0,0,0,0,0,0,0,0,0,0,0,0,0,0,0,0,0,04:53.7
353,1,1,20231021,app00353,77,77,0,0,1,1,0,0,0,0,0,0,0,0,0,0,0,0,0,0,0,0,0,0,0,0,0,0,0,0,0,0,04:53.7
354,1,1,20231021,app00354,476,183,146,147,3,1,1,1,0,0,3,6,1,1,3,10,0,0,0,0,0,0,0,0,0,0.041,0.007,0.068,0,0,0,0,04:53.7
355,1,1,20231021,app00355,596,44,154,398,3,1,1,1,1,2,2,4,0,0,1,4,0,0,0,0,0,0,0,0,0.005,0.01,0,0.01,0,0,0,0,04:53.7
356,1,1,20231021,app00356,1,1,0,0,1,1,0,0,0,0,0,0,0,0,0,0,0,0,0,0,0,0,0,0,0,0,0,0,0,0,0,0,04:53.7
357,1,1,20231021,app00357,1,0,1,0,1,0,1,0,0,0,0,0,0,0,0,0,0,0,0,0,0,0,0,0,0,0,0,0,0,0,0,0,04:53.7
358,1,1,20231021,app00358,4,0,0,4,2,0,0,2,0,0,0,0,0,0,0,0,0,0,0,0,0,0,0,0,0,0,0,0,0,0,0,0,04:53.7
359,1,1,20231021,app00359,1588,252,581,755,4,1,1,2,0,0,1,1,0,0,1,3,0,0,1,9,0,0,1,9,0,0.001,0,0.004,0,0.012,0,0.012,04:53.7
360,1,1,20231021,app00360,93,10,0,83,2,1,0,1,0,0,2,3,1,2,1,2,0,0,0,0,0,0,0,0,0,0.036,0.024,0.024,0,0,0,0,04:53.7
361,1,1,20231021,app00361,3,0,0,3,1,0,0,1,0,0,1,1,0,0,0,0,0,0,0,0,0,0,0,0,0,0.333,0,0,0,0,0,0,04:53.7
362,1,1,20231021,app00362,83,27,30,26,3,1,1,1,3,2,2,2,0,0,1,4,0,0,0,0,0,0,0,0,0.077,0.077,0,0.154,0,0,0,0,04:53.7
363,1,1,20231021,app00363,206,70,64,72,3,1,1,1,1,1,4,5,1,1,1,1,0,0,0,0,0,0,0,0,0.014,0.069,0.014,0.014,0,0,0,0,04:53.7
364,1,1,20231021,app00364,136,87,49,0,2,1,1,0,0,0,0,0,0,0,0,0,0,0,0,0,0,0,0,0,0,0,0,0,0,0,0,0,04:53.7
365,1,1,20231021,app00365,53,53,0,0,1,1,0,0,0,0,0,0,0,0,0,0,0,0,0,0,0,0,0,0,0,0,0,0,0,0,0,0,04:53.7
366,1,1,20231021,app00366,2,2,0,0,1,1,0,0,0,0,0,0,0,0,0,0,0,0,0,0,0,0,0,0,0,0,0,0,0,0,0,0,04:53.7
367,1,1,20231021,app00367,1,0,0,1,1,0,0,1,0,0,0,0,0,0,0,0,0,0,0,0,0,0,0,0,0,0,0,0,0,0,0,0,04:53.7
368,1,1,20231021,app00368,228,47,54,127,3,1,1,1,1,2,4,7,1,2,1,2,0,0,0,0,0,0,0,0,0.016,0.055,0.016,0.016,0,0,0,0,04:53.7
369,1,1,20231021,app00369,316,102,71,143,3,1,1,1,1,1,5,5,0,0,1,3,0,0,0,0,0,0,0,0,0.007,0.035,0,0.021,0,0,0,0,04:53.7
370,1,1,20231021,app00370,480,158,134,188,7,2,1,4,2,2,5,8,0,0,1,4,0,0,1,1,0,0,0,0,0.011,0.043,0,0.021,0,0.005,0,0,04:53.7
371,1,1,20231021,app00371,330,110,75,145,4,2,1,1,2,2,5,7,0,0,2,5,0,0,0,0,0,0,0,0,0.014,0.048,0,0.034,0,0,0,0,04:53.7
372,1,1,20231021,app00372,44,22,0,22,2,1,0,1,0,0,2,3,0,0,0,0,0,0,0,0,0,0,0,0,0,0.136,0,0,0,0,0,0,04:53.7
373,1,1,20231021,app00373,5,5,0,0,1,1,0,0,0,0,0,0,0,0,0,0,0,0,0,0,0,0,0,0,0,0,0,0,0,0,0,0,04:53.7
374,1,1,20231021,app00374,134,75,59,0,2,1,1,0,0,0,0,0,0,0,0,0,0,0,0,0,0,0,0,0,0,0,0,0,0,0,0,0,04:53.7
375,1,1,20231021,app00375,1,1,0,0,1,1,0,0,0,0,0,0,0,0,0,0,0,0,0,0,0,0,0,0,0,0,0,0,0,0,0,0,04:53.7
376,1,1,20231021,app00376,134,60,25,49,3,1,1,1,0,0,3,5,0,0,2,3,0,0,0,0,0,0,0,0,0,0.102,0,0.061,0,0,0,0,04:53.7
377,1,1,20231021,app00377,207,78,47,82,5,1,1,3,0,0,1,1,0,0,2,4,0,0,0,0,0,0,0,0,0,0.012,0,0.049,0,0,0,0,04:53.7
378,1,1,20231021,app00378,1,0,0,1,1,0,0,1,0,0,0,0,0,0,0,0,0,0,0,0,0,0,0,0,0,0,0,0,0,0,0,0,04:53.7
379,1,1,20231021,app00379,6,6,0,0,1,1,0,0,0,0,0,0,0,0,0,0,0,0,0,0,0,0,0,0,0,0,0,0,0,0,0,0,04:53.7
380,1,1,20231021,app00380,132,43,42,47,3,1,1,1,2,2,4,5,0,0,1,2,0,0,1,1,0,0,0,0,0.043,0.106,0,0.043,0,0.021,0,0,04:53.7
381,1,1,20231021,app00381,807,107,345,355,3,1,1,1,0,0,0,0,0,0,1,2,0,0,1,4,0,0,0,0,0,0,0,0.006,0,0.011,0,0,04:53.7
382,1,1,20231021,app00382,109,32,28,49,3,1,1,1,0,0,1,3,0,0,0,0,0,0,0,0,0,0,0,0,0,0.061,0,0,0,0,0,0,04:53.7
383,1,1,20231021,app00383,510,164,168,178,3,1,1,1,0,0,3,4,1,4,1,1,0,0,0,0,0,0,0,0,0,0.022,0.022,0.006,0,0,0,0,04:53.7
384,1,1,20231021,app00384,106,31,31,44,6,2,1,3,1,1,2,2,0,0,1,2,0,0,0,0,0,0,0,0,0.023,0.045,0,0.045,0,0,0,0,04:53.7
385,1,1,20231021,app00385,42,21,21,0,4,2,2,0,0,0,0,0,0,0,0,0,0,0,0,0,0,0,0,0,0,0,0,0,0,0,0,0,04:53.7
386,1,1,20231021,app00386,11,7,1,3,4,2,1,1,0,0,0,0,0,0,0,0,0,0,0,0,0,0,0,0,0,0,0,0,0,0,0,0,04:53.7
387,1,1,20231021,app00387,70,70,0,0,1,1,0,0,0,0,0,0,0,0,0,0,0,0,0,0,0,0,0,0,0,0,0,0,0,0,0,0,04:53.7
388,1,1,20231021,app00388,7,0,0,7,2,0,0,2,0,0,0,0,0,0,0,0,0,0,0,0,0,0,0,0,0,0,0,0,0,0,0,0,04:53.7
389,1,1,20231021,app00389,438,182,117,139,175,69,48,58,1,1,1,5,0,0,1,6,0,0,0,0,0,0,0,0,0.007,0.036,0,0.043,0,0,0,0,04:53.7
390,1,1,20231021,app00390,183,89,38,56,5,1,1,3,1,1,3,6,0,0,1,5,0,0,0,0,0,0,0,0,0.018,0.107,0,0.089,0,0,0,0,04:53.7
391,1,1,20231021,app00391,133,52,37,44,3,1,1,1,1,1,6,5,0,0,1,2,0,0,1,1,0,0,0,0,0.023,0.114,0,0.045,0,0.023,0,0,04:53.7
392,1,1,20231021,app00392,5,0,2,3,2,0,1,1,1,2,1,2,0,0,0,0,0,0,0,0,0,0,0,0,0.667,0.667,0,0,0,0,0,0,04:53.7
393,1,1,20231021,app00393,1,1,0,0,1,1,0,0,0,0,0,0,0,0,0,0,0,0,0,0,0,0,0,0,0,0,0,0,0,0,0,0,04:53.7
394,1,1,20231021,app00394,112,32,50,30,4,2,1,1,0,0,2,3,1,4,2,3,0,0,0,0,0,0,0,0,0,0.1,0.133,0.1,0,0,0,0,04:53.7
395,1,1,20231021,app00395,15,5,5,5,3,1,1,1,1,1,1,1,0,0,0,0,0,0,0,0,0,0,0,0,0.2,0.2,0,0,0,0,0,0,04:53.7
396,1,1,20231021,app00396,115,58,0,57,2,1,0,1,3,4,3,4,0,0,1,1,0,0,0,0,0,0,0,0,0.07,0.07,0,0.018,0,0,0,0,04:53.7
397,1,1,20231021,app00397,7,2,0,5,2,1,0,1,0,0,0,0,0,0,0,0,0,0,0,0,0,0,0,0,0,0,0,0,0,0,0,0,04:53.7
398,1,1,20231021,app00398,6,0,6,0,1,0,1,0,0,0,0,0,0,0,0,0,0,0,0,0,0,0,0,0,0,0,0,0,0,0,0,0,04:53.7
399,1,1,20231021,app00399,5,2,2,1,3,1,1,1,0,0,0,0,0,0,0,0,0,0,0,0,0,0,0,0,0,0,0,0,0,0,0,0,04:53.7
400,1,1,20231021,app00400,42,42,0,0,1,1,0,0,0,0,0,0,0,0,0,0,0,0,0,0,0,0,0,0,0,0,0,0,0,0,0,0,04:53.7
401,1,1,20231021,app00401,186,77,39,70,3,1,1,1,1,1,3,5,0,0,1,2,0,0,1,1,0,0,0,0,0.014,0.071,0,0.029,0,0.014,0,0,04:53.7
402,1,1,20231021,app00402,3,3,0,0,1,1,0,0,0,0,0,0,0,0,0,0,0,0,0,0,0,0,0,0,0,0,0,0,0,0,0,0,04:53.7
403,1,1,20231021,app00403,304,110,91,103,8,2,2,4,2,3,3,3,0,0,1,2,1,1,1,1,0,0,0,0,0.029,0.029,0,0.019,0.01,0.01,0,0,04:53.7
404,1,1,20231021,app00404,159,49,49,61,3,1,1,1,0,0,3,4,0,0,1,1,0,0,0,0,0,0,0,0,0,0.066,0,0.016,0,0,0,0,04:53.7
405,1,1,20231021,app00405,8,8,0,0,1,1,0,0,0,0,0,0,0,0,0,0,0,0,0,0,0,0,0,0,0,0,0,0,0,0,0,0,04:53.7
406,1,1,20231021,app00406,686,157,249,280,4,2,1,1,2,7,3,4,1,4,1,1,0,0,1,1,0,0,1,2,0.025,0.014,0.014,0.004,0,0.004,0,0.007,04:53.7
407,1,1,20231021,app00407,121,52,0,69,3,1,0,2,0,0,1,4,0,0,1,2,0,0,0,0,0,0,0,0,0,0.058,0,0.029,0,0,0,0,04:53.7
408,1,1,20231021,app00408,472,190,126,156,5,1,1,3,0,0,2,6,1,1,3,10,0,0,0,0,0,0,0,0,0,0.038,0.006,0.064,0,0,0,0,04:53.7
409,1,1,20231021,app00409,8,6,2,0,2,1,1,0,0,0,0,0,0,0,0,0,0,0,0,0,0,0,0,0,0,0,0,0,0,0,0,0,04:53.7
410,1,1,20231021,app00410,2,2,0,0,1,1,0,0,0,0,0,0,0,0,0,0,0,0,0,0,0,0,0,0,0,0,0,0,0,0,0,0,04:53.7
411,1,1,20231021,app00411,5,5,0,0,2,2,0,0,0,0,0,0,0,0,0,0,0,0,0,0,0,0,0,0,0,0,0,0,0,0,0,0,04:53.7
412,1,1,20231021,app00412,15,15,0,0,1,1,0,0,0,0,0,0,0,0,0,0,0,0,0,0,0,0,0,0,0,0,0,0,0,0,0,0,04:53.7
413,1,1,20231021,app00413,2504,884,747,873,8,2,2,4,0,0,4,14,1,13,2,10,0,0,1,1,0,0,1,1,0,0.016,0.015,0.011,0,0.001,0,0.001,04:53.7
414,1,1,20231021,app00414,17,15,2,0,4,3,1,0,0,0,0,0,0,0,0,0,0,0,0,0,0,0,0,0,0,0,0,0,0,0,0,0,04:53.7
415,1,1,20231021,app00415,67,17,25,25,3,1,1,1,1,1,3,3,0,0,1,2,0,0,0,0,0,0,0,0,0.04,0.12,0,0.08,0,0,0,0,04:53.7
416,1,1,20231021,app00416,141,15,13,113,3,1,1,1,2,5,5,8,0,0,2,2,0,0,0,0,0,0,0,0,0.044,0.071,0,0.018,0,0,0,0,04:53.7
417,1,1,20231021,app00417,380,124,81,175,6,1,1,4,0,0,3,7,0,0,4,8,0,0,0,0,0,0,0,0,0,0.04,0,0.046,0,0,0,0,04:53.7
418,1,1,20231021,app00418,74,25,23,26,3,1,1,1,0,0,1,2,1,4,2,3,0,0,0,0,0,0,0,0,0,0.077,0.154,0.115,0,0,0,0,04:53.7
419,1,1,20231021,app00419,10,10,0,0,1,1,0,0,0,0,0,0,0,0,0,0,0,0,0,0,0,0,0,0,0,0,0,0,0,0,0,0,04:53.7
420,1,1,20231021,app00420,2,0,0,2,1,0,0,1,0,0,0,0,0,0,0,0,0,0,0,0,0,0,0,0,0,0,0,0,0,0,0,0,04:53.7
421,1,1,20231021,app00421,249,108,51,90,3,1,1,1,2,2,4,6,0,0,1,5,0,0,1,1,0,0,0,0,0.022,0.067,0,0.056,0,0.011,0,0,04:53.7
422,1,1,20231021,app00422,3,3,0,0,1,1,0,0,0,0,0,0,0,0,0,0,0,0,0,0,0,0,0,0,0,0,0,0,0,0,0,0,04:53.7
423,1,1,20231021,app00423,83,25,24,34,5,1,1,3,0,0,0,0,0,0,1,2,0,0,0,0,0,0,0,0,0,0,0,0.059,0,0,0,0,04:53.7
424,1,1,20231021,app00424,6,6,0,0,1,1,0,0,0,0,0,0,0,0,0,0,0,0,0,0,0,0,0,0,0,0,0,0,0,0,0,0,04:53.7
425,1,1,20231021,app00425,29,12,7,10,4,1,1,2,1,1,1,1,0,0,1,1,0,0,0,0,0,0,0,0,0.1,0.1,0,0.1,0,0,0,0,04:53.7
426,1,1,20231021,app00426,14,14,0,0,1,1,0,0,0,0,0,0,0,0,0,0,0,0,0,0,0,0,0,0,0,0,0,0,0,0,0,0,04:53.7
427,1,1,20231021,app00427,3,3,0,0,1,1,0,0,0,0,0,0,0,0,0,0,0,0,0,0,0,0,0,0,0,0,0,0,0,0,0,0,04:53.7
428,1,1,20231021,app00428,77,31,46,0,2,1,1,0,0,0,0,0,0,0,0,0,0,0,0,0,0,0,0,0,0,0,0,0,0,0,0,0,04:53.7
429,1,1,20231021,app00429,226,109,73,44,4,2,1,1,1,1,3,5,0,0,1,3,0,0,1,1,0,0,0,0,0.023,0.114,0,0.068,0,0.023,0,0,04:53.7
430,1,1,20231021,app00430,89,25,25,39,3,1,1,1,0,0,1,2,0,0,1,1,0,0,0,0,0,0,0,0,0,0.051,0,0.026,0,0,0,0,04:53.7
431,1,1,20231021,app00431,1,1,0,0,1,1,0,0,0,0,0,0,0,0,0,0,0,0,0,0,0,0,0,0,0,0,0,0,0,0,0,0,04:53.7
432,1,1,20231021,app00432,323,99,101,123,5,1,1,3,0,0,1,1,0,0,0,0,0,0,0,0,0,0,0,0,0,0.008,0,0,0,0,0,0,04:53.7
433,1,1,20231021,app00433,13,11,0,2,2,1,0,1,0,0,0,0,0,0,0,0,0,0,0,0,0,0,0,0,0,0,0,0,0,0,0,0,04:53.7
434,1,1,20231021,app00434,345,108,114,123,3,1,1,1,0,0,3,7,1,1,3,8,0,0,0,0,0,0,0,0,0,0.057,0.008,0.065,0,0,0,0,04:53.7
435,1,1,20231021,app00435,42,17,15,10,3,1,1,1,1,1,4,4,0,0,1,2,0,0,1,1,0,0,0,0,0.1,0.4,0,0.2,0,0.1,0,0,04:53.7
436,1,1,20231021,app00436,3,3,0,0,1,1,0,0,0,0,0,0,0,0,0,0,0,0,0,0,0,0,0,0,0,0,0,0,0,0,0,0,04:53.7
437,1,1,20231021,app00437,23,10,6,7,5,1,1,3,1,2,1,2,0,0,0,0,0,0,0,0,0,0,0,0,0.286,0.286,0,0,0,0,0,0,04:53.7
438,1,1,20231021,app00438,18,1,6,11,3,1,1,1,0,0,0,0,0,0,0,0,0,0,0,0,0,0,0,0,0,0,0,0,0,0,0,0,04:53.7
439,1,1,20231021,app00439,89,42,24,23,3,1,1,1,1,1,3,3,0,0,1,1,0,0,0,0,0,0,0,0,0.043,0.13,0,0.043,0,0,0,0,04:53.7
440,1,1,20231021,app00440,97,34,17,46,3,1,1,1,1,1,1,1,0,0,0,0,0,0,0,0,0,0,0,0,0.022,0.022,0,0,0,0,0,0,04:53.7
441,1,1,20231021,app00441,26,13,13,0,2,1,1,0,0,0,0,0,0,0,0,0,0,0,0,0,0,0,0,0,0,0,0,0,0,0,0,0,04:53.7
442,1,1,20231021,app00442,2,2,0,0,1,1,0,0,0,0,0,0,0,0,0,0,0,0,0,0,0,0,0,0,0,0,0,0,0,0,0,0,04:53.7
443,1,1,20231021,app00443,27149,10403,7377,9369,177,70,48,59,9,62,21,1352,1,16,3,51,0,0,2,1,0,0,0,0,0.007,0.144,0.002,0.005,0,0,0,0,04:53.7
444,1,1,20231021,app00444,902,202,208,492,6,2,1,3,0,0,3,11,1,15,1,1,0,0,0,0,0,0,0,0,0,0.022,0.03,0.002,0,0,0,0,04:53.7
445,1,1,20231021,app00445,1757,631,564,562,4,1,1,2,1,44,7,105,1,2,3,59,0,0,0,0,0,0,0,0,0.078,0.187,0.004,0.105,0,0,0,0,04:53.7
446,1,1,20231021,app00446,196,71,42,83,4,2,1,1,2,3,2,4,0,0,1,3,0,0,2,2,0,0,0,0,0.036,0.048,0,0.036,0,0.024,0,0,04:53.7
447,1,1,20231021,app00447,170,58,37,75,3,1,1,1,1,1,3,6,0,0,1,1,0,0,0,0,0,0,0,0,0.013,0.08,0,0.013,0,0,0,0,04:53.7
448,1,1,20231021,app00448,74,32,1,41,3,1,1,1,0,0,2,2,0,0,1,1,0,0,0,0,0,0,0,0,0,0.049,0,0.024,0,0,0,0,04:53.7
449,1,1,20231021,app00449,1,0,0,1,1,0,0,1,0,0,0,0,0,0,0,0,0,0,0,0,0,0,0,0,0,0,0,0,0,0,0,0,04:53.7
450,1,1,20231021,app00450,666,250,148,268,3,1,1,1,2,3,3,3,0,0,1,2,0,0,2,2,0,0,0,0,0.011,0.011,0,0.007,0,0.007,0,0,04:53.7
451,1,1,20231021,app00451,433,140,136,157,5,1,1,3,0,0,2,2,0,0,2,3,0,0,0,0,0,0,0,0,0,0.013,0,0.019,0,0,0,0,04:53.7
452,1,1,20231021,app00452,260,75,76,109,6,2,2,2,0,0,1,2,0,0,1,2,0,0,0,0,0,0,0,0,0,0.018,0,0.018,0,0,0,0,04:53.7
453,1,1,20231021,app00453,2,2,0,0,1,1,0,0,0,0,0,0,0,0,0,0,0,0,0,0,0,0,0,0,0,0,0,0,0,0,0,0,04:53.7
454,1,1,20231021,app00454,720,285,192,243,3,1,1,1,2,29,8,54,0,0,1,5,0,0,2,4,0,0,0,0,0.119,0.222,0,0.021,0,0.016,0,0,04:53.7
455,1,1,20231021,app00455,185,73,41,71,3,1,1,1,1,1,2,5,0,0,1,4,0,0,1,1,0,0,0,0,0.014,0.07,0,0.056,0,0.014,0,0,04:53.7
456,1,1,20231021,app00456,2,2,0,0,1,1,0,0,0,0,0,0,0,0,0,0,0,0,0,0,0,0,0,0,0,0,0,0,0,0,0,0,04:53.7
457,1,1,20231021,app00457,2,0,0,2,1,0,0,1,0,0,1,1,0,0,1,1,0,0,0,0,0,0,0,0,0,0.5,0,0.5,0,0,0,0,04:53.7
458,1,1,20231021,app00458,14,14,0,0,1,1,0,0,0,0,0,0,0,0,0,0,0,0,0,0,0,0,0,0,0,0,0,0,0,0,0,0,04:53.7
459,1,1,20231021,app00459,2,2,0,0,1,1,0,0,0,0,0,0,0,0,0,0,0,0,0,0,0,0,0,0,0,0,0,0,0,0,0,0,04:53.7
460,1,1,20231021,app00460,58,17,18,23,3,1,1,1,1,1,2,3,0,0,1,2,0,0,0,0,0,0,0,0,0.043,0.13,0,0.087,0,0,0,0,04:53.7
461,1,1,20231021,app00461,45,0,21,24,2,0,1,1,0,0,2,2,0,0,1,1,0,0,0,0,0,0,0,0,0,0.083,0,0.042,0,0,0,0,04:53.7
462,1,1,20231021,app00462,902,384,262,256,3,1,1,1,1,44,7,61,0,0,1,10,0,0,1,1,0,0,0,0,0.172,0.238,0,0.039,0,0.004,0,0,04:53.7
463,1,1,20231021,app00463,1,1,0,0,1,1,0,0,0,0,0,0,0,0,0,0,0,0,0,0,0,0,0,0,0,0,0,0,0,0,0,0,04:53.7
464,1,1,20231021,app00464,176,58,39,79,3,1,1,1,1,1,3,6,0,0,1,4,0,0,1,1,0,0,0,0,0.013,0.076,0,0.051,0,0.013,0,0,04:53.7
465,1,1,20231021,app00465,57,16,16,25,3,1,1,1,0,0,1,1,0,0,0,0,0,0,0,0,0,0,0,0,0,0.04,0,0,0,0,0,0,04:53.7
466,1,1,20231021,app00466,111,48,0,63,4,2,0,2,0,0,2,2,0,0,0,0,0,0,0,0,0,0,1,2,0,0.032,0,0,0,0,0,0.032,04:53.7
467,1,1,20231021,app00467,39,23,16,0,2,1,1,0,0,0,0,0,0,0,0,0,0,0,0,0,0,0,0,0,0,0,0,0,0,0,0,0,04:53.7
468,1,1,20231021,app00468,193,51,53,89,3,1,1,1,2,2,4,4,1,1,1,1,0,0,0,0,0,0,0,0,0.022,0.045,0.011,0.011,0,0,0,0,04:53.7
469,1,1,20231021,app00469,214,72,52,90,3,1,1,1,2,7,6,17,1,2,2,4,0,0,1,2,0,0,0,0,0.078,0.189,0.022,0.044,0,0.022,0,0,04:53.7
470,1,1,20231021,app00470,2,1,0,1,2,1,0,1,0,0,0,0,0,0,0,0,0,0,0,0,0,0,0,0,0,0,0,0,0,0,0,0,04:53.7
471,1,1,20231021,app00471,17,7,5,5,3,1,1,1,1,1,2,2,0,0,1,1,0,0,1,1,0,0,0,0,0.2,0.4,0,0.2,0,0.2,0,0,04:53.7
472,1,1,20231021,app00472,15,9,0,6,2,1,0,1,0,0,0,0,0,0,0,0,0,0,0,0,0,0,0,0,0,0,0,0,0,0,0,0,04:53.7
473,1,1,20231021,app00473,3,1,0,2,2,1,0,1,0,0,0,0,0,0,0,0,0,0,0,0,0,0,0,0,0,0,0,0,0,0,0,0,04:53.7
474,1,1,20231021,app00474,7,7,0,0,1,1,0,0,0,0,0,0,0,0,0,0,0,0,0,0,0,0,0,0,0,0,0,0,0,0,0,0,04:53.7
475,1,1,20231021,app00475,16819,6232,4522,6065,176,70,48,58,1,7,5,458,0,0,1,59,0,0,0,0,0,0,0,0,0.001,0.076,0,0.01,0,0,0,0,04:53.7
476,1,1,20231021,app00476,31,10,9,12,3,1,1,1,0,0,0,0,0,0,0,0,0,0,0,0,0,0,0,0,0,0,0,0,0,0,0,0,04:53.7
477,1,1,20231021,app00477,187,66,48,73,172,66,48,58,1,1,3,2,0,0,1,1,0,0,0,0,0,0,0,0,0.014,0.027,0,0.014,0,0,0,0,04:53.7
478,1,1,20231021,app00478,242,95,71,76,3,1,1,1,0,0,3,5,0,0,1,4,0,0,0,0,0,0,0,0,0,0.066,0,0.053,0,0,0,0,04:53.7
479,1,1,20231021,app00479,526,190,191,145,6,3,2,1,2,7,4,13,0,0,2,7,0,0,0,0,0,0,0,0,0.048,0.09,0,0.048,0,0,0,0,04:53.7
480,1,1,20231021,app00480,228,97,59,72,5,1,1,3,2,2,5,5,0,0,1,2,0,0,2,2,0,0,0,0,0.028,0.069,0,0.028,0,0.028,0,0,04:53.7
481,1,1,20231021,app00481,143,82,55,6,3,1,1,1,0,0,0,0,0,0,0,0,0,0,0,0,0,0,0,0,0,0,0,0,0,0,0,0,04:53.7
482,1,1,20231021,app00482,81,63,9,9,3,1,1,1,1,1,1,1,0,0,0,0,0,0,0,0,0,0,0,0,0.111,0.111,0,0,0,0,0,0,04:53.7
483,1,1,20231021,app00483,30,15,15,0,2,1,1,0,0,0,0,0,0,0,0,0,0,0,0,0,0,0,0,0,0,0,0,0,0,0,0,0,04:53.7
484,1,1,20231021,app00484,115,39,20,56,3,1,1,1,1,1,1,1,0,0,0,0,0,0,0,0,0,0,0,0,0.018,0.018,0,0,0,0,0,0,04:53.7
485,1,1,20231021,app00485,254,101,67,86,3,1,1,1,2,2,4,4,0,0,1,2,0,0,1,1,0,0,0,0,0.023,0.047,0,0.023,0,0.012,0,0,04:53.7
486,1,1,20231021,app00486,33,11,11,11,3,1,1,1,1,1,2,2,0,0,0,0,0,0,0,0,0,0,0,0,0.091,0.182,0,0,0,0,0,0,04:53.7
487,1,1,20231021,app00487,17,9,5,3,3,1,1,1,0,0,0,0,0,0,0,0,0,0,0,0,0,0,0,0,0,0,0,0,0,0,0,0,04:53.7
488,1,1,20231021,app00488,18,6,6,6,3,1,1,1,1,1,2,2,0,0,0,0,0,0,0,0,0,0,0,0,0.167,0.333,0,0,0,0,0,0,04:53.7
489,1,1,20231021,app00489,70,43,26,1,3,1,1,1,0,0,0,0,0,0,0,0,0,0,0,0,0,0,0,0,0,0,0,0,0,0,0,0,04:53.7
490,1,1,20231021,app00490,27,9,9,9,3,1,1,1,1,1,1,1,0,0,0,0,0,0,0,0,0,0,0,0,0.111,0.111,0,0,0,0,0,0,04:53.7
491,1,1,20231021,app00491,11,2,5,4,5,1,1,3,0,0,0,0,0,0,0,0,0,0,0,0,0,0,0,0,0,0,0,0,0,0,0,0,04:53.7
492,1,1,20231021,app00492,2,2,0,0,1,1,0,0,0,0,0,0,0,0,0,0,0,0,0,0,0,0,0,0,0,0,0,0,0,0,0,0,04:53.7
493,1,1,20231021,app00493,1,1,0,0,1,1,0,0,0,0,0,0,0,0,0,0,0,0,0,0,0,0,0,0,0,0,0,0,0,0,0,0,04:53.7
494,1,1,20231021,app00494,211,49,70,92,6,1,2,3,0,0,2,4,0,0,2,4,0,0,0,0,0,0,0,0,0,0.043,0,0.043,0,0,0,0,04:53.7
495,1,1,20231021,app00495,344,193,79,72,3,1,1,1,1,1,4,5,0,0,1,3,0,0,1,1,0,0,0,0,0.014,0.069,0,0.042,0,0.014,0,0,04:53.7
496,1,1,20231021,app00496,225,0,0,225,1,0,0,1,3,11,4,16,0,0,1,2,0,0,0,0,0,0,0,0,0.049,0.071,0,0.009,0,0,0,0,04:53.7
497,1,1,20231021,app00497,190,59,60,71,3,1,1,1,0,0,1,1,0,0,1,1,0,0,0,0,0,0,0,0,0,0.014,0,0.014,0,0,0,0,04:53.7
498,1,1,20231021,app00498,2,1,1,0,2,1,1,0,0,0,0,0,0,0,0,0,0,0,0,0,0,0,0,0,0,0,0,0,0,0,0,0,04:53.7
499,1,1,20231021,app00499,2,2,0,0,1,1,0,0,0,0,0,0,0,0,0,0,0,0,0,0,0,0,0,0,0,0,0,0,0,0,0,0,04:53.7
500,1,1,20231021,app00500,35,16,0,19,2,1,0,1,0,0,0,0,0,0,0,0,0,0,0,0,0,0,0,0,0,0,0,0,0,0,0,0,04:53.7
501,1,1,20231021,app00501,6,0,6,0,1,0,1,0,0,0,0,0,0,0,0,0,0,0,0,0,0,0,0,0,0,0,0,0,0,0,0,0,04:53.7
502,1,1,20231021,app00502,10,0,0,10,2,0,0,2,0,0,0,0,0,0,0,0,0,0,0,0,0,0,0,0,0,0,0,0,0,0,0,0,04:53.7
503,1,1,20231021,app00503,3,3,0,0,1,1,0,0,0,0,0,0,0,0,0,0,0,0,0,0,0,0,0,0,0,0,0,0,0,0,0,0,04:53.7
504,1,1,20231021,app00504,105,34,34,37,3,1,1,1,1,1,3,13,0,0,1,1,0,0,0,0,0,0,0,0,0.027,0.351,0,0.027,0,0,0,0,04:53.7
505,1,1,20231021,app00505,697,234,230,233,6,2,2,2,2,3,4,7,0,0,1,3,0,0,1,1,0,0,0,0,0.013,0.03,0,0.013,0,0.004,0,0,04:53.7
506,1,1,20231021,app00506,22,9,7,6,3,1,1,1,0,0,2,2,0,0,1,2,0,0,0,0,0,0,0,0,0,0.333,0,0.333,0,0,0,0,04:53.7
507,1,1,20231021,app00507,129,84,23,22,3,1,1,1,1,1,3,4,0,0,1,1,0,0,0,0,0,0,0,0,0.045,0.182,0,0.045,0,0,0,0,04:53.7
508,1,1,20231021,app00508,26,9,7,10,4,1,1,2,0,0,4,3,0,0,1,2,0,0,1,1,0,0,0,0,0,0.3,0,0.2,0,0.1,0,0,04:53.7
509,1,1,20231021,app00509,314,1,141,172,4,1,1,2,0,0,2,5,0,0,0,0,0,0,1,1,0,0,1,2,0,0.029,0,0,0,0.006,0,0.012,04:53.7
510,1,1,20231021,app00510,74,25,22,27,4,1,1,2,0,0,1,4,1,1,2,5,0,0,0,0,0,0,0,0,0,0.148,0.037,0.185,0,0,0,0,04:53.7
511,1,1,20231021,app00511,55,29,26,0,2,1,1,0,0,0,0,0,0,0,0,0,0,0,0,0,0,0,0,0,0,0,0,0,0,0,0,0,04:53.7
512,1,1,20231021,app00512,11,11,0,0,1,1,0,0,0,0,0,0,0,0,0,0,0,0,0,0,0,0,0,0,0,0,0,0,0,0,0,0,04:53.7
513,1,1,20231021,app00513,1,1,0,0,1,1,0,0,0,0,0,0,0,0,0,0,0,0,0,0,0,0,0,0,0,0,0,0,0,0,0,0,04:53.7
514,1,1,20231021,app00514,33,33,0,0,1,1,0,0,0,0,0,0,0,0,0,0,0,0,0,0,0,0,0,0,0,0,0,0,0,0,0,0,04:53.7
515,1,1,20231021,app00515,99,52,32,15,3,1,1,1,1,1,1,1,0,0,0,0,0,0,0,0,0,0,0,0,0.067,0.067,0,0,0,0,0,0,04:53.7
516,1,1,20231021,app00516,9,9,0,0,1,1,0,0,0,0,0,0,0,0,0,0,0,0,0,0,0,0,0,0,0,0,0,0,0,0,0,0,04:53.7
517,1,1,20231021,app00517,6,2,2,2,3,1,1,1,0,0,1,1,0,0,1,1,0,0,0,0,0,0,0,0,0,0.5,0,0.5,0,0,0,0,04:53.7
518,1,1,20231021,app00518,732,85,261,386,3,1,1,1,0,0,1,2,1,2,2,4,0,0,0,0,0,0,0,0,0,0.005,0.005,0.01,0,0,0,0,04:53.7
519,1,1,20231021,app00519,203,0,115,88,4,0,1,3,0,0,1,1,1,1,2,2,0,0,0,0,0,0,0,0,0,0.011,0.011,0.023,0,0,0,0,04:53.7
520,1,1,20231021,app00520,3,2,1,0,2,1,1,0,0,0,0,0,0,0,0,0,0,0,0,0,0,0,0,0,0,0,0,0,0,0,0,0,04:53.7
521,1,1,20231021,app00521,5,5,0,0,2,2,0,0,0,0,0,0,0,0,0,0,0,0,0,0,0,0,0,0,0,0,0,0,0,0,0,0,04:53.7
522,1,1,20231021,app00522,54,10,10,34,3,1,1,1,1,1,2,2,0,0,0,0,0,0,0,0,0,0,0,0,0.029,0.059,0,0,0,0,0,0,04:53.7
523,1,1,20231021,app00523,3,3,0,0,1,1,0,0,0,0,0,0,0,0,0,0,0,0,0,0,0,0,0,0,0,0,0,0,0,0,0,0,04:53.7
524,1,1,20231021,app00524,143,57,51,35,3,1,1,1,1,1,2,3,0,0,0,0,0,0,0,0,0,0,0,0,0.029,0.086,0,0,0,0,0,0,04:53.7
525,1,1,20231021,app00525,165,63,36,66,6,2,2,2,2,3,3,5,0,0,2,3,0,0,2,2,0,0,0,0,0.045,0.076,0,0.045,0,0.03,0,0,04:53.7
526,1,1,20231021,app00526,231,6,24,201,5,1,1,3,1,1,1,4,0,0,1,4,0,0,0,0,0,0,0,0,0.005,0.02,0,0.02,0,0,0,0,04:53.7
527,1,1,20231021,app00527,2,0,0,2,2,0,0,2,0,0,0,0,0,0,0,0,0,0,0,0,0,0,0,0,0,0,0,0,0,0,0,0,04:53.7
528,1,1,20231021,app00528,166,59,39,68,3,1,1,1,1,1,4,5,0,0,1,2,0,0,1,1,0,0,0,0,0.015,0.074,0,0.029,0,0.015,0,0,04:53.7
529,1,1,20231021,app00529,13,0,0,13,2,0,0,2,0,0,1,1,0,0,1,1,0,0,0,0,0,0,0,0,0,0.077,0,0.077,0,0,0,0,04:53.7
530,1,1,20231021,app00530,6,6,0,0,1,1,0,0,0,0,0,0,0,0,0,0,0,0,0,0,0,0,0,0,0,0,0,0,0,0,0,0,04:53.7
531,1,1,20231021,app00531,693,230,188,275,4,2,1,1,2,8,9,28,0,0,2,10,0,0,3,4,0,0,0,0,0.029,0.102,0,0.036,0,0.015,0,0,04:53.7
532,1,1,20231021,app00532,335,132,79,124,8,2,2,4,2,5,8,21,0,0,2,9,0,0,1,2,0,0,0,0,0.04,0.169,0,0.073,0,0.016,0,0,04:53.7
533,1,1,20231021,app00533,132,4,0,128,3,2,0,1,2,8,3,11,0,0,1,1,0,0,0,0,0,0,0,0,0.063,0.086,0,0.008,0,0,0,0,04:53.7
534,1,1,20231021,app00534,1263,379,388,496,5,1,1,3,0,0,4,10,0,0,1,6,0,0,0,0,0,0,0,0,0,0.02,0,0.012,0,0,0,0,04:53.7
535,1,1,20231021,app00535,9,5,3,1,3,1,1,1,0,0,1,1,0,0,1,1,0,0,0,0,0,0,0,0,0,1,0,1,0,0,0,0,04:53.7
536,1,1,20231021,app00536,5,5,0,0,1,1,0,0,0,0,0,0,0,0,0,0,0,0,0,0,0,0,0,0,0,0,0,0,0,0,0,0,04:53.7
537,1,1,20231021,app00537,37,0,0,37,2,0,0,2,2,1,1,4,0,0,0,0,0,0,0,0,0,0,0,0,0.027,0.108,0,0,0,0,0,0,04:53.7
538,1,1,20231021,app00538,3219,1297,869,1053,174,68,48,58,4,69,7,181,0,0,2,69,0,0,1,1,0,0,0,0,0.066,0.172,0,0.066,0,0.001,0,0,04:53.7
539,1,1,20231021,app00539,238,55,132,51,6,2,3,1,1,1,2,2,0,0,1,1,0,0,0,0,0,0,0,0,0.02,0.039,0,0.02,0,0,0,0,04:53.7
540,1,1,20231021,app00540,268,68,80,120,5,1,1,3,1,1,2,6,0,0,1,2,0,0,0,0,0,0,0,0,0.008,0.05,0,0.017,0,0,0,0,04:53.7
541,1,1,20231021,app00541,97,31,32,34,5,1,1,3,0,0,1,3,0,0,2,4,0,0,0,0,0,0,0,0,0,0.088,0,0.118,0,0,0,0,04:53.7
542,1,1,20231021,app00542,169,49,40,80,5,1,1,3,1,1,4,8,0,0,0,0,0,0,0,0,0,0,0,0,0.013,0.1,0,0,0,0,0,0,04:53.7
543,1,1,20231021,app00543,506,196,119,191,5,3,1,1,1,1,5,8,0,0,1,4,0,0,1,1,0,0,0,0,0.005,0.042,0,0.021,0,0.005,0,0,04:53.7
544,1,1,20231021,app00544,82,0,1,81,4,0,1,3,0,0,1,1,0,0,2,2,0,0,0,0,0,0,0,0,0,0.012,0,0.025,0,0,0,0,04:53.7
545,1,1,20231021,app00545,109,33,33,43,3,1,1,1,0,0,2,3,2,8,1,1,0,0,0,0,0,0,0,0,0,0.07,0.186,0.023,0,0,0,0,04:53.7
546,1,1,20231021,app00546,30,10,10,10,3,1,1,1,1,1,1,1,0,0,0,0,0,0,0,0,0,0,0,0,0.1,0.1,0,0,0,0,0,0,04:53.7
547,1,1,20231021,app00547,39,13,13,13,3,1,1,1,1,1,3,3,0,0,1,2,0,0,0,0,0,0,0,0,0.077,0.231,0,0.154,0,0,0,0,04:53.7
548,1,1,20231021,app00548,12,12,0,0,1,1,0,0,0,0,0,0,0,0,0,0,0,0,0,0,0,0,0,0,0,0,0,0,0,0,0,0,04:53.7
549,1,1,20231021,app00549,6,2,2,2,3,1,1,1,0,0,0,0,0,0,0,0,0,0,0,0,0,0,0,0,0,0,0,0,0,0,0,0,04:53.7
550,1,1,20231021,app00550,1,0,0,1,1,0,0,1,0,0,0,0,0,0,0,0,0,0,0,0,0,0,0,0,0,0,0,0,0,0,0,0,04:53.7
551,1,1,20231021,app00551,302,145,77,80,3,1,1,1,0,0,1,6,0,0,2,7,0,0,0,0,0,0,0,0,0,0.075,0,0.088,0,0,0,0,04:53.7
552,1,1,20231021,app00552,6,6,0,0,1,1,0,0,0,0,0,0,0,0,0,0,0,0,0,0,0,0,0,0,0,0,0,0,0,0,0,0,04:53.7
553,1,1,20231021,app00553,86,36,25,25,4,2,1,1,0,0,3,2,0,0,0,0,0,0,0,0,0,0,0,0,0,0.08,0,0,0,0,0,0,04:53.7
554,1,1,20231021,app00554,8,8,0,0,1,1,0,0,0,0,0,0,0,0,0,0,0,0,0,0,0,0,0,0,0,0,0,0,0,0,0,0,04:53.7
555,1,1,20231021,app00555,1,1,0,0,1,1,0,0,0,0,0,0,0,0,0,0,0,0,0,0,0,0,0,0,0,0,0,0,0,0,0,0,04:53.7
556,1,1,20231021,app00556,43,11,11,21,5,1,1,3,1,3,1,1,0,0,1,1,0,0,0,0,0,0,0,0,0.143,0.048,0,0.048,0,0,0,0,04:53.7
557,1,1,20231021,app00557,238,26,23,189,4,1,1,2,1,1,1,1,0,0,0,0,0,0,0,0,0,0,0,0,0.005,0.005,0,0,0,0,0,0,04:53.7
558,1,1,20231021,app00558,38,10,4,24,12,5,2,5,1,1,3,3,0,0,1,1,0,0,0,0,0,0,0,0,0.042,0.125,0,0.042,0,0,0,0,04:53.7
559,1,1,20231021,app00559,46,46,0,0,1,1,0,0,0,0,0,0,0,0,0,0,0,0,0,0,0,0,0,0,0,0,0,0,0,0,0,0,04:53.7
560,1,1,20231021,app00560,102,36,33,33,3,1,1,1,1,1,4,5,0,0,1,10,0,0,0,0,0,0,0,0,0.03,0.152,0,0.303,0,0,0,0,04:53.7
561,1,1,20231021,app00561,220,74,55,91,3,1,1,1,2,2,5,5,0,0,1,2,0,0,1,1,0,0,0,0,0.022,0.055,0,0.022,0,0.011,0,0,04:53.7
562,1,1,20231021,app00562,231,78,80,73,4,1,1,2,0,0,1,1,0,0,1,1,0,0,0,0,0,0,0,0,0,0.014,0,0.014,0,0,0,0,04:53.7
563,1,1,20231021,app00563,278,83,84,111,5,1,1,3,2,6,6,19,0,0,1,1,0,0,1,1,0,0,0,0,0.054,0.171,0,0.009,0,0.009,0,0,04:53.7
564,1,1,20231021,app00564,2,0,0,2,1,0,0,1,0,0,0,0,0,0,0,0,0,0,0,0,0,0,0,0,0,0,0,0,0,0,0,0,04:53.7
565,1,1,20231021,app00565,210,81,50,79,5,1,1,3,0,0,2,2,0,0,2,4,0,0,0,0,0,0,0,0,0,0.025,0,0.051,0,0,0,0,04:53.7
566,1,1,20231021,app00566,102,99,3,0,2,1,1,0,0,0,0,0,0,0,0,0,0,0,0,0,0,0,0,0,0,0,0,0,0,0,0,0,04:53.7
567,1,1,20231021,app00567,19,12,7,0,2,1,1,0,0,0,0,0,0,0,0,0,0,0,0,0,0,0,0,0,0,0,0,0,0,0,0,0,04:53.7
568,1,1,20231021,app00568,1,0,0,1,1,0,0,1,0,0,0,0,0,0,0,0,0,0,0,0,0,0,0,0,0,0,0,0,0,0,0,0,04:53.7
569,1,1,20231021,app00569,67,23,23,21,3,1,1,1,1,1,2,2,1,1,3,7,0,0,0,0,0,0,0,0,0.048,0.095,0.048,0.333,0,0,0,0,04:53.7
570,1,1,20231021,app00570,78,28,25,25,3,1,1,1,1,1,3,9,0,0,1,5,0,0,1,1,0,0,0,0,0.04,0.36,0,0.2,0,0.04,0,0,04:53.7
571,1,1,20231021,app00571,262,127,57,78,3,1,1,1,2,3,3,6,1,1,1,3,0,0,2,2,0,0,0,0,0.038,0.077,0.013,0.038,0,0.026,0,0,04:53.7
572,1,1,20231021,app00572,10,2,4,4,5,1,2,2,0,0,0,0,0,0,0,0,0,0,0,0,0,0,0,0,0,0,0,0,0,0,0,0,04:53.7
573,1,1,20231021,app00573,684,233,211,240,4,2,1,1,2,2,3,7,0,0,2,3,0,0,0,0,0,0,0,0,0.008,0.029,0,0.013,0,0,0,0,04:53.7
574,1,1,20231021,app00574,4,1,0,3,2,1,0,1,0,0,0,0,0,0,0,0,0,0,0,0,0,0,0,0,0,0,0,0,0,0,0,0,04:53.7
575,1,1,20231021,app00575,312,98,73,141,3,1,1,1,1,2,4,6,0,0,2,3,0,0,0,0,0,0,0,0,0.014,0.043,0,0.021,0,0,0,0,04:53.7
576,1,1,20231021,app00576,181,39,58,84,5,1,1,3,0,0,2,3,0,0,2,4,0,0,0,0,0,0,0,0,0,0.036,0,0.048,0,0,0,0,04:53.7
577,1,1,20231021,app00577,333,97,101,135,5,1,1,3,0,0,2,2,0,0,0,0,0,0,0,0,0,0,0,0,0,0.015,0,0,0,0,0,0,04:53.7
578,1,1,20231021,app00578,66,22,22,22,3,1,1,1,1,1,3,4,0,0,0,0,0,0,0,0,0,0,0,0,0.045,0.182,0,0,0,0,0,0,04:53.7
579,1,1,20231021,app00579,145,56,42,47,5,2,1,2,0,0,3,6,0,0,0,0,0,0,0,0,0,0,0,0,0,0.128,0,0,0,0,0,0,04:53.7
580,1,1,20231021,app00580,163,47,74,42,3,1,1,1,2,2,6,6,0,0,1,2,0,0,1,1,0,0,0,0,0.048,0.143,0,0.048,0,0.024,0,0,04:53.7
581,1,1,20231021,app00581,274,109,76,89,3,1,1,1,1,1,2,3,0,0,1,3,0,0,1,1,0,0,0,0,0.011,0.034,0,0.034,0,0.011,0,0,04:53.7
582,1,1,20231021,app00582,356,104,105,147,3,1,1,1,2,2,5,10,0,0,1,3,0,0,0,0,0,0,0,0,0.014,0.068,0,0.02,0,0,0,0,04:53.7
583,1,1,20231021,app00583,9,9,0,0,1,1,0,0,0,0,0,0,0,0,0,0,0,0,0,0,0,0,0,0,0,0,0,0,0,0,0,0,04:53.7
584,1,1,20231021,app00584,10,4,4,2,3,1,1,1,0,0,0,0,0,0,0,0,0,0,0,0,0,0,0,0,0,0,0,0,0,0,0,0,04:53.7
585,1,1,20231021,app00585,4,2,1,1,3,1,1,1,0,0,0,0,0,0,0,0,0,0,0,0,0,0,0,0,0,0,0,0,0,0,0,0,04:53.7
586,1,1,20231021,app00586,2518,968,711,839,173,66,48,59,1,1,7,56,0,0,2,6,0,0,0,0,0,0,0,0,0.001,0.067,0,0.007,0,0,0,0,04:53.7
587,1,1,20231021,app00587,139,57,40,42,4,2,1,1,1,1,3,7,0,0,2,4,0,0,2,2,0,0,0,0,0.024,0.167,0,0.095,0,0.048,0,0,04:53.7
588,1,1,20231021,app00588,132,33,66,33,3,1,1,1,2,2,3,5,0,0,1,2,0,0,1,1,0,0,0,0,0.061,0.152,0,0.061,0,0.03,0,0,04:53.7
589,1,1,20231021,app00589,224,95,51,78,6,2,1,3,0,0,3,5,0,0,1,4,0,0,0,0,0,0,0,0,0,0.064,0,0.051,0,0,0,0,04:53.7
590,1,1,20231021,app00590,187,0,0,187,3,0,0,3,1,1,3,6,0,0,0,0,0,0,0,0,0,0,0,0,0.005,0.032,0,0,0,0,0,0,04:53.7
591,1,1,20231021,app00591,132,36,0,96,2,1,0,1,0,0,6,10,0,0,2,4,0,0,0,0,0,0,0,0,0,0.104,0,0.042,0,0,0,0,04:53.7
592,1,1,20231021,app00592,929,237,259,433,8,2,2,4,0,0,2,5,1,8,2,6,0,0,0,0,0,0,0,0,0,0.012,0.018,0.014,0,0,0,0,04:53.7
593,1,1,20231021,app00593,502,173,135,194,5,1,1,3,0,0,3,3,1,2,3,8,0,0,0,0,0,0,0,0,0,0.015,0.01,0.041,0,0,0,0,04:53.7
594,1,1,20231021,app00594,89,64,25,0,2,1,1,0,0,0,0,0,0,0,0,0,0,0,0,0,0,0,0,0,0,0,0,0,0,0,0,0,04:53.7
595,1,1,20231021,app00595,2,0,0,2,1,0,0,1,0,0,0,0,0,0,0,0,0,0,0,0,0,0,0,0,0,0,0,0,0,0,0,0,04:53.7
596,1,1,20231021,app00596,3,3,0,0,2,2,0,0,0,0,0,0,0,0,0,0,0,0,0,0,0,0,0,0,0,0,0,0,0,0,0,0,04:53.7
597,1,1,20231021,app00597,105,73,28,4,3,1,1,1,0,0,0,0,0,0,0,0,0,0,0,0,0,0,0,0,0,0,0,0,0,0,0,0,04:53.7
598,1,1,20231021,app00598,531,316,96,119,175,69,48,58,0,0,1,1,0,0,0,0,0,0,0,0,0,0,0,0,0,0.008,0,0,0,0,0,0,04:53.7
599,1,1,20231021,app00599,176,53,28,95,3,1,1,1,1,1,2,2,0,0,1,1,0,0,0,0,0,0,0,0,0.011,0.021,0,0.011,0,0,0,0,04:53.7
600,1,1,20231021,app00600,19,2,1,16,5,1,1,3,0,0,0,0,0,0,0,0,0,0,0,0,0,0,0,0,0,0,0,0,0,0,0,0,04:53.7
601,1,1,20231021,app00601,60,22,12,26,8,2,2,4,0,0,0,0,0,0,0,0,0,0,0,0,0,0,0,0,0,0,0,0,0,0,0,0,04:53.7
602,1,1,20231021,app00602,610,80,173,357,4,1,1,2,0,0,2,5,0,0,2,7,0,0,1,3,0,0,0,0,0,0.014,0,0.02,0,0.008,0,0,04:53.7
603,1,1,20231021,app00603,53,11,20,22,3,1,1,1,1,1,2,2,0,0,0,0,0,0,0,0,0,0,0,0,0.045,0.091,0,0,0,0,0,0,04:53.7
604,1,1,20231021,app00604,644,74,221,349,8,2,2,4,1,1,5,10,2,2,2,5,0,0,1,3,0,0,0,0,0.003,0.029,0.006,0.014,0,0.009,0,0,04:53.7
605,1,1,20231021,app00605,4,0,2,2,2,0,1,1,0,0,0,0,0,0,0,0,0,0,0,0,0,0,0,0,0,0,0,0,0,0,0,0,04:53.7
606,1,1,20231021,app00606,41,41,0,0,1,1,0,0,0,0,0,0,0,0,0,0,0,0,0,0,0,0,0,0,0,0,0,0,0,0,0,0,04:53.7
607,1,1,20231021,app00607,39,39,0,0,1,1,0,0,0,0,0,0,0,0,0,0,0,0,0,0,0,0,0,0,0,0,0,0,0,0,0,0,04:53.7
608,1,1,20231021,app00608,1,0,0,1,1,0,0,1,0,0,2,1,0,0,1,1,0,0,0,0,0,0,0,0,0,1,0,1,0,0,0,0,04:53.7
609,1,1,20231021,app00609,701,352,167,182,4,2,1,1,2,3,4,8,0,0,2,5,0,0,1,1,0,0,0,0,0.016,0.044,0,0.027,0,0.005,0,0,04:53.7
610,1,1,20231021,app00610,193,60,41,92,5,1,1,3,1,1,3,4,1,1,1,2,0,0,0,0,0,0,0,0,0.011,0.043,0.011,0.022,0,0,0,0,04:53.7
611,1,1,20231021,app00611,243,145,94,4,4,2,1,1,0,0,0,0,0,0,0,0,0,0,0,0,0,0,0,0,0,0,0,0,0,0,0,0,04:53.7
612,1,1,20231021,app00612,357,176,107,74,4,1,1,2,0,0,2,3,0,0,3,8,0,0,0,0,0,0,0,0,0,0.041,0,0.108,0,0,0,0,04:53.7
613,1,1,20231021,app00613,139,90,49,0,3,2,1,0,0,0,0,0,0,0,0,0,0,0,0,0,0,0,0,0,0,0,0,0,0,0,0,0,04:53.7
614,1,1,20231021,app00614,79,29,23,27,3,1,1,1,1,1,4,8,0,0,1,1,0,0,1,1,0,0,0,0,0.037,0.296,0,0.037,0,0.037,0,0,04:53.7
615,1,1,20231021,app00615,5,5,0,0,1,1,0,0,0,0,0,0,0,0,0,0,0,0,0,0,0,0,0,0,0,0,0,0,0,0,0,0,04:53.7
616,1,1,20231021,app00616,2,0,0,2,1,0,0,1,0,0,0,0,0,0,0,0,0,0,0,0,0,0,0,0,0,0,0,0,0,0,0,0,04:53.7
617,1,1,20231021,app00617,1038,494,36,508,50,16,16,18,4,9,9,36,1,1,4,25,0,0,1,1,0,0,0,0,0.018,0.071,0.002,0.049,0,0.002,0,0,04:53.7
618,1,1,20231021,app00618,195,59,47,89,3,1,1,1,1,1,3,5,0,0,1,3,0,0,1,1,0,0,0,0,0.011,0.056,0,0.034,0,0.011,0,0,04:53.7
619,1,1,20231021,app00619,131,48,31,52,5,2,1,2,0,0,1,1,0,0,3,3,0,0,0,0,0,0,0,0,0,0.019,0,0.058,0,0,0,0,04:53.7
620,1,1,20231021,app00620,208,85,49,74,3,1,1,1,0,0,1,3,0,0,2,6,0,0,1,1,0,0,0,0,0,0.041,0,0.081,0,0.014,0,0,04:53.7
621,1,1,20231021,app00621,204,78,52,74,3,1,1,1,0,0,2,4,0,0,2,6,0,0,1,1,0,0,0,0,0,0.054,0,0.081,0,0.014,0,0,04:53.7
622,1,1,20231021,app00622,66,21,21,24,3,1,1,1,0,0,1,3,0,0,2,4,0,0,0,0,0,0,0,0,0,0.125,0,0.167,0,0,0,0,04:53.7
623,1,1,20231021,app00623,27,9,9,9,3,1,1,1,2,2,2,2,0,0,0,0,0,0,0,0,0,0,0,0,0.222,0.222,0,0,0,0,0,0,04:53.7
624,1,1,20231021,app00624,61,25,18,18,3,1,1,1,1,1,3,3,0,0,0,0,0,0,1,1,0,0,0,0,0.056,0.167,0,0,0,0.056,0,0,04:53.7
625,1,1,20231021,app00625,28,24,1,3,4,2,1,1,1,1,2,1,0,0,1,1,0,0,0,0,0,0,0,0,0.333,0.333,0,0.333,0,0,0,0,04:53.7
626,1,1,20231021,app00626,1,1,0,0,1,1,0,0,0,0,0,0,0,0,0,0,0,0,0,0,0,0,0,0,0,0,0,0,0,0,0,0,04:53.7
627,1,1,20231021,app00627,4,0,4,0,1,0,1,0,0,0,0,0,0,0,0,0,0,0,0,0,0,0,0,0,0,0,0,0,0,0,0,0,04:53.7
628,1,1,20231021,app00628,108,34,34,40,3,1,1,1,1,1,2,3,0,0,1,2,0,0,0,0,0,0,0,0,0.025,0.075,0,0.05,0,0,0,0,04:53.7
629,1,1,20231021,app00629,1,0,0,1,1,0,0,1,0,0,0,0,0,0,0,0,0,0,0,0,0,0,0,0,0,0,0,0,0,0,0,0,04:53.7
630,1,1,20231021,app00630,43,14,14,15,4,1,1,2,0,0,2,1,0,0,1,1,0,0,0,0,0,0,0,0,0,0.067,0,0.067,0,0,0,0,04:53.7
631,1,1,20231021,app00631,31,14,15,2,3,1,1,1,1,1,1,1,0,0,0,0,0,0,0,0,0,0,0,0,0.5,0.5,0,0,0,0,0,0,04:53.7
632,1,1,20231021,app00632,1,1,0,0,1,1,0,0,0,0,0,0,0,0,0,0,0,0,0,0,0,0,0,0,0,0,0,0,0,0,0,0,04:53.7
633,1,1,20231021,app00633,307,120,187,0,2,1,1,0,0,0,0,0,0,0,0,0,0,0,0,0,0,0,0,0,0,0,0,0,0,0,0,0,04:53.7
634,1,1,20231021,app00634,150,45,44,61,3,1,1,1,2,3,2,5,0,0,1,1,0,0,1,2,0,0,0,0,0.049,0.082,0,0.016,0,0.033,0,0,04:53.7
635,1,1,20231021,app00635,9,9,0,0,1,1,0,0,0,0,0,0,0,0,0,0,0,0,0,0,0,0,0,0,0,0,0,0,0,0,0,0,04:53.7
636,1,1,20231021,app00636,7,3,1,3,5,2,1,2,0,0,0,0,0,0,0,0,0,0,0,0,0,0,0,0,0,0,0,0,0,0,0,0,04:53.7
637,1,1,20231021,app00637,3,1,1,1,3,1,1,1,1,1,1,1,0,0,0,0,0,0,0,0,0,0,0,0,1,1,0,0,0,0,0,0,04:53.7
638,1,1,20231021,app00638,8,0,4,4,2,0,1,1,0,0,0,0,0,0,0,0,0,0,0,0,0,0,0,0,0,0,0,0,0,0,0,0,04:53.7
639,1,1,20231021,app00639,304,115,81,108,5,1,1,3,0,0,2,9,0,0,1,8,0,0,0,0,0,0,0,0,0,0.083,0,0.074,0,0,0,0,04:53.7
640,1,1,20231021,app00640,250,25,33,192,5,1,1,3,0,0,1,1,0,0,1,1,0,0,0,0,0,0,0,0,0,0.005,0,0.005,0,0,0,0,04:53.7
641,1,1,20231021,app00641,503,202,187,114,5,1,1,3,2,2,7,32,0,0,2,3,0,0,0,0,0,0,0,0,0.018,0.281,0,0.026,0,0,0,0,04:53.7
642,1,1,20231021,app00642,234,71,64,99,5,1,1,3,2,2,6,10,0,0,1,4,0,0,1,1,0,0,0,0,0.02,0.101,0,0.04,0,0.01,0,0,04:53.7
643,1,1,20231021,app00643,16,16,0,0,1,1,0,0,0,0,0,0,0,0,0,0,0,0,0,0,0,0,0,0,0,0,0,0,0,0,0,0,04:53.7
644,1,1,20231021,app00644,15234,5319,5070,4845,52,17,17,18,2,4,7,71,1,42,3,80,0,0,0,0,0,0,0,0,0.001,0.015,0.009,0.017,0,0,0,0,04:53.7
646,1,1,20231021,app00646,137,42,29,66,3,1,1,1,1,1,3,5,0,0,1,3,0,0,1,1,0,0,0,0,0.015,0.076,0,0.045,0,0.015,0,0,04:53.7
647,1,1,20231021,app00647,459,206,2,251,10,4,2,4,1,1,2,2,0,0,1,2,0,0,0,0,0,0,0,0,0.004,0.008,0,0.008,0,0,0,0,04:53.7
648,1,1,20231021,app00648,11,4,3,4,3,1,1,1,0,0,0,0,0,0,0,0,0,0,0,0,0,0,0,0,0,0,0,0,0,0,0,0,04:53.7
649,1,1,20231021,app00649,85,35,6,44,3,1,1,1,0,0,1,1,0,0,0,0,0,0,0,0,0,0,0,0,0,0.023,0,0,0,0,0,0,04:53.7
650,1,1,20231021,app00650,461,164,120,177,175,69,48,58,1,8,4,13,1,1,3,2,0,0,0,0,0,0,0,0,0.045,0.073,0.006,0.011,0,0,0,0,04:53.7
651,1,1,20231021,app00651,151,49,45,57,3,1,1,1,0,0,2,6,0,0,1,1,0,0,0,0,0,0,0,0,0,0.105,0,0.018,0,0,0,0,04:53.7
652,1,1,20231021,app00652,75,46,0,29,4,2,0,2,0,0,3,6,0,0,1,2,0,0,0,0,0,0,0,0,0,0.207,0,0.069,0,0,0,0,04:53.7
653,1,1,20231021,app00653,4,0,2,2,2,0,1,1,0,0,0,0,0,0,0,0,0,0,0,0,0,0,0,0,0,0,0,0,0,0,0,0,04:53.7
654,1,1,20231021,app00654,26,13,13,0,2,1,1,0,0,0,0,0,0,0,0,0,0,0,0,0,0,0,0,0,0,0,0,0,0,0,0,0,04:53.7
655,1,1,20231021,app00655,57,28,15,14,3,1,1,1,0,0,0,0,0,0,0,0,0,0,0,0,0,0,0,0,0,0,0,0,0,0,0,0,04:53.7
656,1,1,20231021,app00656,41,41,0,0,5,5,0,0,0,0,0,0,0,0,0,0,0,0,0,0,0,0,0,0,0,0,0,0,0,0,0,0,04:53.7
657,1,1,20231021,app00657,170,5,118,47,3,1,1,1,0,0,0,0,0,0,0,0,0,0,0,0,0,0,0,0,0,0,0,0,0,0,0,0,04:53.7
658,1,1,20231021,app00658,252,126,95,31,4,1,1,2,2,4,3,6,0,0,1,2,0,0,1,1,0,0,0,0,0.129,0.194,0,0.065,0,0.032,0,0,04:53.7
659,1,1,20231021,app00659,777,158,138,481,4,1,1,2,2,3,3,8,0,0,2,6,0,0,0,0,0,0,0,0,0.006,0.017,0,0.012,0,0,0,0,04:53.7
660,1,1,20231021,app00660,269,126,62,81,3,1,1,1,1,1,3,5,0,0,1,3,0,0,1,1,0,0,0,0,0.012,0.062,0,0.037,0,0.012,0,0,04:53.7
661,1,1,20231021,app00661,73,25,24,24,3,1,1,1,0,0,2,5,0,0,3,4,0,0,0,0,0,0,0,0,0,0.208,0,0.167,0,0,0,0,04:53.7
662,1,1,20231021,app00662,1,1,0,0,1,1,0,0,0,0,0,0,0,0,0,0,0,0,0,0,0,0,0,0,0,0,0,0,0,0,0,0,04:53.7
663,1,1,20231021,app00663,172,70,37,65,3,1,1,1,1,1,3,6,0,0,1,3,0,0,1,1,0,0,0,0,0.015,0.092,0,0.046,0,0.015,0,0,04:53.7
664,1,1,20231021,app00664,287,93,75,119,3,1,1,1,2,2,3,4,0,0,1,3,0,0,1,1,0,0,0,0,0.017,0.034,0,0.025,0,0.008,0,0,04:53.7
665,1,1,20231021,app00665,183,82,36,65,8,2,2,4,2,3,5,8,0,0,1,3,0,0,1,2,0,0,0,0,0.046,0.123,0,0.046,0,0.031,0,0,04:53.7
666,1,1,20231021,app00666,266,73,69,124,3,1,1,1,1,4,5,11,1,4,2,5,0,0,2,1,0,0,0,0,0.032,0.089,0.032,0.04,0,0.008,0,0,04:53.7
667,1,1,20231021,app00667,113,46,44,23,3,1,1,1,0,0,5,6,0,0,3,7,0,0,0,0,0,0,0,0,0,0.261,0,0.304,0,0,0,0,04:53.7
668,1,1,20231021,app00668,3,0,0,3,2,0,0,2,0,0,0,0,0,0,0,0,0,0,0,0,0,0,0,0,0,0,0,0,0,0,0,0,04:53.7
669,1,1,20231021,app00669,210,63,42,105,4,1,1,2,1,1,4,6,0,0,1,3,0,0,1,1,0,0,0,0,0.01,0.057,0,0.029,0,0.01,0,0,04:53.7
670,1,1,20231021,app00670,1,1,0,0,1,1,0,0,0,0,0,0,0,0,0,0,0,0,0,0,0,0,0,0,0,0,0,0,0,0,0,0,04:53.7
671,1,1,20231021,app00671,7,4,3,0,2,1,1,0,0,0,0,0,0,0,0,0,0,0,0,0,0,0,0,0,0,0,0,0,0,0,0,0,04:53.7
672,1,1,20231021,app00672,8,1,1,6,3,1,1,1,0,0,0,0,0,0,0,0,0,0,0,0,0,0,0,0,0,0,0,0,0,0,0,0,04:53.7
673,1,1,20231021,app00673,129,44,23,62,5,1,1,3,0,0,1,2,0,0,2,3,0,0,0,0,0,0,0,0,0,0.032,0,0.048,0,0,0,0,04:53.7
674,1,1,20231021,app00674,175,52,42,81,3,1,1,1,1,1,4,8,0,0,2,7,0,0,1,1,0,0,0,0,0.012,0.099,0,0.086,0,0.012,0,0,04:53.7
675,1,1,20231021,app00675,17,14,1,2,6,3,1,2,0,0,0,0,0,0,0,0,0,0,0,0,0,0,0,0,0,0,0,0,0,0,0,0,04:53.7
676,1,1,20231021,app00676,220,92,66,62,3,1,1,1,1,1,2,2,0,0,0,0,0,0,0,0,0,0,0,0,0.016,0.032,0,0,0,0,0,0,04:53.7
677,1,1,20231021,app00677,232,94,62,76,3,1,1,1,0,0,2,5,0,0,2,10,0,0,1,1,0,0,0,0,0,0.066,0,0.132,0,0.013,0,0,04:53.7
678,1,1,20231021,app00678,471,163,154,154,6,2,1,3,0,0,2,3,0,0,1,1,0,0,0,0,0,0,0,0,0,0.019,0,0.006,0,0,0,0,04:53.7
679,1,1,20231021,app00679,8,4,0,4,2,1,0,1,0,0,1,1,0,0,1,1,0,0,0,0,0,0,0,0,0,0.25,0,0.25,0,0,0,0,04:53.7
680,1,1,20231021,app00680,833,335,317,181,6,1,2,3,2,3,3,10,0,0,1,8,0,0,0,0,0,0,0,0,0.017,0.055,0,0.044,0,0,0,0,04:53.7
681,1,1,20231021,app00681,395,145,119,131,6,2,1,3,1,1,4,7,0,0,2,7,0,0,0,0,0,0,0,0,0.008,0.053,0,0.053,0,0,0,0,04:53.7
682,1,1,20231021,app00682,2,0,0,2,1,0,0,1,0,0,0,0,0,0,0,0,0,0,0,0,0,0,0,0,0,0,0,0,0,0,0,0,04:53.7
683,1,1,20231021,app00683,12,4,4,4,3,1,1,1,0,0,0,0,0,0,0,0,0,0,0,0,0,0,0,0,0,0,0,0,0,0,0,0,04:53.7
684,1,1,20231021,app00684,32,11,4,17,10,3,2,5,0,0,1,2,0,0,0,0,0,0,0,0,0,0,0,0,0,0.118,0,0,0,0,0,0,04:53.7
685,1,1,20231021,app00685,171,48,50,73,5,1,1,3,0,0,2,3,0,0,1,2,0,0,0,0,0,0,0,0,0,0.041,0,0.027,0,0,0,0,04:53.7
686,1,1,20231021,app00686,712,105,244,363,9,3,2,4,1,4,4,7,0,0,1,1,0,0,1,1,0,0,0,0,0.011,0.019,0,0.003,0,0.003,0,0,04:53.7
687,1,1,20231021,app00687,6,6,0,0,1,1,0,0,0,0,0,0,0,0,0,0,0,0,0,0,0,0,0,0,0,0,0,0,0,0,0,0,04:53.7
688,1,1,20231021,app00688,74,1,0,73,2,1,0,1,2,2,1,3,0,0,2,3,0,0,0,0,0,0,0,0,0.027,0.041,0,0.041,0,0,0,0,04:53.7
689,1,1,20231021,app00689,2,0,0,2,1,0,0,1,0,0,0,0,0,0,0,0,0,0,0,0,0,0,0,0,0,0,0,0,0,0,0,0,04:53.7
690,1,1,20231021,app00690,15,7,8,0,2,1,1,0,0,0,0,0,0,0,0,0,0,0,0,0,0,0,0,0,0,0,0,0,0,0,0,0,04:53.7
691,1,1,20231021,app00691,1,1,0,0,1,1,0,0,0,0,0,0,0,0,0,0,0,0,0,0,0,0,0,0,0,0,0,0,0,0,0,0,04:53.7
692,1,1,20231021,app00692,3522,1995,689,838,174,68,48,58,1,15,5,61,0,0,2,2,0,0,0,0,0,0,0,0,0.018,0.073,0,0.002,0,0,0,0,04:53.7
693,1,1,20231021,app00693,137,42,28,67,3,1,1,1,2,2,3,3,0,0,1,2,0,0,1,1,0,0,0,0,0.03,0.045,0,0.03,0,0.015,0,0,04:53.7
694,1,1,20231021,app00694,49,14,14,21,5,1,1,3,0,0,2,3,0,0,2,2,0,0,0,0,0,0,0,0,0,0.143,0,0.095,0,0,0,0,04:53.7
695,1,1,20231021,app00695,76,24,23,29,5,1,1,3,1,1,4,5,0,0,1,2,0,0,0,0,0,0,0,0,0.034,0.172,0,0.069,0,0,0,0,04:53.7
696,1,1,20231021,app00696,83,68,0,15,2,1,0,1,0,0,2,3,0,0,1,2,0,0,0,0,0,0,0,0,0,0.2,0,0.133,0,0,0,0,04:53.7
697,1,1,20231021,app00697,50,50,0,0,1,1,0,0,0,0,0,0,0,0,0,0,0,0,0,0,0,0,0,0,0,0,0,0,0,0,0,0,04:53.7
698,1,1,20231021,app00698,956,285,332,339,5,1,1,3,0,0,1,1,0,0,1,3,0,0,1,4,0,0,0,0,0,0.003,0,0.009,0,0.012,0,0,04:53.7
699,1,1,20231021,app00699,392,155,127,110,5,2,1,2,2,5,3,10,0,0,1,6,0,0,2,2,0,0,0,0,0.045,0.091,0,0.055,0,0.018,0,0,04:53.7
700,1,1,20231021,app00700,1,1,0,0,1,1,0,0,0,0,0,0,0,0,0,0,0,0,0,0,0,0,0,0,0,0,0,0,0,0,0,0,04:53.7
701,1,1,20231021,app00701,283,120,50,113,8,2,2,4,0,0,1,1,0,0,0,0,0,0,0,0,0,0,0,0,0,0.009,0,0,0,0,0,0,04:53.7
702,1,1,20231021,app00702,2,1,1,0,2,1,1,0,0,0,0,0,0,0,0,0,0,0,0,0,0,0,0,0,0,0,0,0,0,0,0,0,04:53.7
703,1,1,20231021,app00703,22,11,11,0,2,1,1,0,0,0,0,0,0,0,0,0,0,0,0,0,0,0,0,0,0,0,0,0,0,0,0,0,04:53.7
704,1,1,20231021,app00704,6,6,0,0,1,1,0,0,0,0,0,0,0,0,0,0,0,0,0,0,0,0,0,0,0,0,0,0,0,0,0,0,04:53.7
705,1,1,20231021,app00705,6,0,6,0,1,0,1,0,0,0,0,0,0,0,0,0,0,0,0,0,0,0,0,0,0,0,0,0,0,0,0,0,04:53.7
706,1,1,20231021,app00706,1,0,0,1,1,0,0,1,0,0,0,0,0,0,0,0,0,0,0,0,0,0,0,0,0,0,0,0,0,0,0,0,04:53.7
707,1,1,20231021,app00707,488,213,153,122,6,2,2,2,2,7,6,17,0,0,1,5,1,1,1,2,0,0,0,0,0.057,0.139,0,0.041,0.008,0.016,0,0,04:53.7
708,1,1,20231021,app00708,658,268,188,202,5,1,1,3,0,0,1,1,0,0,1,2,0,0,0,0,0,0,0,0,0,0.005,0,0.01,0,0,0,0,04:53.7
709,1,1,20231021,app00709,64,64,0,0,1,1,0,0,0,0,0,0,0,0,0,0,0,0,0,0,0,0,0,0,0,0,0,0,0,0,0,0,04:53.7
710,1,1,20231021,app00710,2,1,1,0,2,1,1,0,0,0,0,0,0,0,0,0,0,0,0,0,0,0,0,0,0,0,0,0,0,0,0,0,04:53.7
711,1,1,20231021,app00711,83,21,55,7,5,3,1,1,0,0,0,0,1,1,0,0,0,0,0,0,0,0,0,0,0,0,0.143,0,0,0,0,0,04:53.7
712,1,1,20231021,app00712,7,0,0,7,1,0,0,1,0,0,1,2,0,0,0,0,0,0,0,0,0,0,0,0,0,0.286,0,0,0,0,0,0,04:53.7
713,1,1,20231021,app00713,5,3,1,1,3,1,1,1,0,0,0,0,0,0,0,0,0,0,0,0,0,0,0,0,0,0,0,0,0,0,0,0,04:53.7
714,1,1,20231021,app00714,146,59,41,46,7,1,2,4,0,0,2,4,0,0,1,1,0,0,0,0,0,0,0,0,0,0.087,0,0.022,0,0,0,0,04:53.7
715,1,1,20231021,app00715,267,111,70,86,4,1,1,2,0,0,2,6,0,0,2,6,0,0,1,1,0,0,0,0,0,0.07,0,0.07,0,0.012,0,0,04:53.7
716,1,1,20231021,app00716,226,108,118,0,2,1,1,0,0,0,0,0,0,0,0,0,0,0,0,0,0,0,0,0,0,0,0,0,0,0,0,0,04:53.7
717,1,1,20231021,app00717,227,58,75,94,3,1,1,1,1,1,4,5,2,2,2,4,0,0,1,1,1,1,0,0,0.011,0.053,0.021,0.043,0,0.011,0.011,0,04:53.7
718,1,1,20231021,app00718,221,101,60,60,3,1,1,1,1,1,2,3,0,0,1,2,0,0,0,0,0,0,0,0,0.017,0.05,0,0.033,0,0,0,0,04:53.7
719,1,1,20231021,app00719,28,0,0,28,2,0,0,2,0,0,0,0,0,0,0,0,0,0,0,0,0,0,0,0,0,0,0,0,0,0,0,0,04:53.7
720,1,1,20231021,app00720,2,2,0,0,1,1,0,0,0,0,0,0,0,0,0,0,0,0,0,0,0,0,0,0,0,0,0,0,0,0,0,0,04:53.7
721,1,1,20231021,app00721,633,293,192,148,5,2,2,1,1,2,3,5,0,0,3,10,0,0,1,1,0,0,0,0,0.014,0.034,0,0.068,0,0.007,0,0,04:53.7
722,1,1,20231021,app00722,220,97,55,68,3,1,1,1,0,0,1,1,0,0,2,4,0,0,0,0,0,0,0,0,0,0.015,0,0.059,0,0,0,0,04:53.7
723,1,1,20231021,app00723,10,5,0,5,2,1,0,1,0,0,1,1,0,0,1,1,0,0,0,0,0,0,0,0,0,0.2,0,0.2,0,0,0,0,04:53.7
724,1,1,20231021,app00724,3,1,2,0,2,1,1,0,0,0,0,0,0,0,0,0,0,0,0,0,0,0,0,0,0,0,0,0,0,0,0,0,04:53.7
725,1,1,20231021,app00725,10,10,0,0,2,2,0,0,0,0,0,0,0,0,0,0,0,0,0,0,0,0,0,0,0,0,0,0,0,0,0,0,04:53.7
726,1,1,20231021,app00726,379,75,135,169,5,2,1,2,0,0,1,4,0,0,1,1,0,0,1,1,0,0,0,0,0,0.024,0,0.006,0,0.006,0,0,04:53.7
727,1,1,20231021,app00727,123,46,32,45,4,1,1,2,0,0,1,1,0,0,3,3,0,0,0,0,0,0,0,0,0,0.022,0,0.067,0,0,0,0,04:53.7
728,1,1,20231021,app00728,127,86,41,0,2,1,1,0,0,0,0,0,0,0,0,0,0,0,0,0,0,0,0,0,0,0,0,0,0,0,0,0,04:53.7
729,1,1,20231021,app00729,107,36,20,51,3,1,1,1,1,1,1,1,0,0,1,1,0,0,0,0,0,0,0,0,0.02,0.02,0,0.02,0,0,0,0,04:53.7
730,1,1,20231021,app00730,143,55,32,56,3,1,1,1,2,2,2,2,0,0,1,1,0,0,0,0,0,0,0,0,0.036,0.036,0,0.018,0,0,0,0,04:53.7
731,1,1,20231021,app00731,7,0,0,7,1,0,0,1,0,0,3,3,0,0,0,0,0,0,0,0,0,0,0,0,0,0.429,0,0,0,0,0,0,04:53.7
732,1,1,20231021,app00732,2,0,0,2,1,0,0,1,0,0,0,0,0,0,0,0,0,0,0,0,0,0,0,0,0,0,0,0,0,0,0,0,04:53.7
733,1,1,20231021,app00733,743,156,110,477,5,1,2,2,2,2,1,1,0,0,1,2,0,0,0,0,0,0,0,0,0.004,0.002,0,0.004,0,0,0,0,04:53.7
734,1,1,20231021,app00734,140,63,0,77,2,1,0,1,1,1,2,2,0,0,0,0,0,0,0,0,0,0,0,0,0.013,0.026,0,0,0,0,0,0,04:53.7
735,1,1,20231021,app00735,23,3,20,0,2,1,1,0,0,0,0,0,0,0,0,0,0,0,0,0,0,0,0,0,0,0,0,0,0,0,0,0,04:53.7
736,1,1,20231021,app00736,6,3,0,3,3,1,0,2,1,1,1,1,0,0,0,0,0,0,0,0,0,0,0,0,0.333,0.333,0,0,0,0,0,0,04:53.7
737,1,1,20231021,app00737,94,31,30,33,3,1,1,1,0,0,1,5,1,2,2,6,0,0,0,0,0,0,0,0,0,0.152,0.061,0.182,0,0,0,0,04:53.7
738,1,1,20231021,app00738,7,5,2,0,2,1,1,0,0,0,0,0,0,0,0,0,0,0,0,0,0,0,0,0,0,0,0,0,0,0,0,0,04:53.7
739,1,1,20231021,app00739,2,0,2,0,1,0,1,0,0,0,0,0,0,0,0,0,0,0,0,0,0,0,0,0,0,0,0,0,0,0,0,0,04:53.7
740,1,1,20231021,app00740,115,60,51,4,3,1,1,1,0,0,0,0,0,0,0,0,0,0,0,0,0,0,0,0,0,0,0,0,0,0,0,0,04:53.7
741,1,1,20231021,app00741,117,45,0,72,2,1,0,1,2,3,3,5,0,0,1,2,0,0,1,1,0,0,0,0,0.042,0.069,0,0.028,0,0.014,0,0,04:53.7
742,1,1,20231021,app00742,243,101,53,89,6,2,2,2,1,1,4,5,0,0,1,2,0,0,1,1,0,0,0,0,0.011,0.056,0,0.022,0,0.011,0,0,04:53.7
743,1,1,20231021,app00743,121,51,17,53,3,1,1,1,1,1,2,2,0,0,1,1,0,0,0,0,0,0,0,0,0.019,0.038,0,0.019,0,0,0,0,04:53.7
744,1,1,20231021,app00744,66,21,23,22,5,2,2,1,2,2,4,5,0,0,1,2,0,0,1,1,0,0,0,0,0.091,0.227,0,0.091,0,0.045,0,0,04:53.7
745,1,1,20231021,app00745,34,0,17,17,2,0,1,1,0,0,3,4,1,1,1,2,0,0,0,0,0,0,0,0,0,0.235,0.059,0.118,0,0,0,0,04:53.7
746,1,1,20231021,app00746,7,5,2,0,2,1,1,0,0,0,0,0,0,0,0,0,0,0,0,0,0,0,0,0,0,0,0,0,0,0,0,0,04:53.7
747,1,1,20231021,app00747,232,96,55,81,4,1,1,2,0,0,4,5,0,0,2,4,0,0,0,0,0,0,0,0,0,0.062,0,0.049,0,0,0,0,04:53.7
748,1,1,20231021,app00748,6,2,2,2,3,1,1,1,0,0,0,0,0,0,0,0,0,0,0,0,0,0,0,0,0,0,0,0,0,0,0,0,04:53.7
749,1,1,20231021,app00749,89,26,27,36,3,1,1,1,0,0,2,2,0,0,1,2,0,0,0,0,0,0,1,1,0,0.056,0,0.056,0,0,0,0.028,04:53.7
750,1,1,20231021,app00750,269,134,21,114,6,2,1,3,3,2,4,14,0,0,1,6,0,0,0,0,0,0,0,0,0.018,0.123,0,0.053,0,0,0,0,04:53.7
751,1,1,20231021,app00751,2,0,2,0,1,0,1,0,0,0,0,0,0,0,0,0,0,0,0,0,0,0,0,0,0,0,0,0,0,0,0,0,04:53.7
752,1,1,20231021,app00752,1,0,1,0,1,0,1,0,0,0,0,0,0,0,0,0,0,0,0,0,0,0,0,0,0,0,0,0,0,0,0,0,04:53.7
753,1,1,20231021,app00753,432,144,138,150,6,2,2,2,0,0,2,8,0,0,1,1,0,0,1,1,0,0,0,0,0,0.053,0,0.007,0,0.007,0,0,04:53.7
754,1,1,20231021,app00754,233,79,53,101,6,1,1,4,2,2,4,8,0,0,1,3,0,0,1,1,0,0,0,0,0.02,0.079,0,0.03,0,0.01,0,0,04:53.7
755,1,1,20231021,app00755,6,0,0,6,1,0,0,1,0,0,0,0,0,0,0,0,0,0,0,0,0,0,0,0,0,0,0,0,0,0,0,0,04:53.7
756,1,1,20231021,app00756,3,1,0,2,2,1,0,1,0,0,0,0,0,0,0,0,0,0,0,0,0,0,0,0,0,0,0,0,0,0,0,0,04:53.7
757,1,1,20231021,app00757,114,0,112,2,2,0,1,1,0,0,0,0,0,0,0,0,0,0,0,0,0,0,0,0,0,0,0,0,0,0,0,0,04:53.7
758,1,1,20231021,app00758,476,160,168,148,8,3,2,3,0,0,4,4,0,0,1,1,0,0,1,2,0,0,0,0,0,0.027,0,0.007,0,0.014,0,0,04:53.7
759,1,1,20231021,app00759,4,1,2,1,3,1,1,1,0,0,0,0,0,0,0,0,0,0,0,0,0,0,0,0,0,0,0,0,0,0,0,0,04:53.7
760,1,1,20231021,app00760,2,2,0,0,1,1,0,0,0,0,0,0,0,0,0,0,0,0,0,0,0,0,0,0,0,0,0,0,0,0,0,0,04:53.7
761,1,1,20231021,app00761,10,10,0,0,1,1,0,0,0,0,0,0,0,0,0,0,0,0,0,0,0,0,0,0,0,0,0,0,0,0,0,0,04:53.7
762,1,1,20231021,app00762,2,2,0,0,1,1,0,0,0,0,0,0,0,0,0,0,0,0,0,0,0,0,0,0,0,0,0,0,0,0,0,0,04:53.7
763,1,1,20231021,app00763,387,138,107,142,3,1,1,1,2,11,3,7,1,6,0,0,0,0,0,0,0,0,0,0,0.077,0.049,0.042,0,0,0,0,0,04:53.7
764,1,1,20231021,app00764,36,0,10,26,2,0,1,1,0,0,0,0,0,0,0,0,0,0,0,0,0,0,0,0,0,0,0,0,0,0,0,0,04:53.7
765,1,1,20231021,app00765,6,2,2,2,3,1,1,1,0,0,0,0,0,0,0,0,0,0,0,0,0,0,0,0,0,0,0,0,0,0,0,0,04:53.7
766,1,1,20231021,app00766,48,26,12,10,3,1,1,1,0,0,0,0,0,0,0,0,0,0,0,0,0,0,0,0,0,0,0,0,0,0,0,0,04:53.7
767,1,1,20231021,app00767,10,6,0,4,2,1,0,1,0,0,0,0,0,0,0,0,0,0,0,0,0,0,0,0,0,0,0,0,0,0,0,0,04:53.7
768,1,1,20231021,app00768,20,7,2,11,5,2,1,2,1,1,2,3,0,0,1,2,0,0,0,0,0,0,0,0,0.091,0.273,0,0.182,0,0,0,0,04:53.7
769,1,1,20231021,app00769,8,0,8,0,1,0,1,0,0,0,0,0,0,0,0,0,0,0,0,0,0,0,0,0,0,0,0,0,0,0,0,0,04:53.7
770,1,1,20231021,app00770,22,11,11,0,2,1,1,0,0,0,0,0,0,0,0,0,0,0,0,0,0,0,0,0,0,0,0,0,0,0,0,0,04:53.7
771,1,1,20231021,app00771,219,68,50,101,4,2,1,1,0,0,3,2,0,0,1,1,0,0,1,1,0,0,0,0,0,0.02,0,0.01,0,0.01,0,0,04:53.7
772,1,1,20231021,app00772,1042,614,0,428,2,1,0,1,0,0,2,2,0,0,1,3,0,0,1,1,0,0,1,18,0,0.005,0,0.007,0,0.002,0,0.042,04:53.7
773,1,1,20231021,app00773,3,1,1,1,3,1,1,1,0,0,0,0,0,0,0,0,0,0,0,0,0,0,0,0,0,0,0,0,0,0,0,0,04:53.7
774,1,1,20231021,app00774,144,44,31,69,4,1,1,2,2,8,3,10,0,0,2,3,0,0,2,2,0,0,0,0,0.116,0.145,0,0.043,0,0.029,0,0,04:53.7
775,1,1,20231021,app00775,2,2,0,0,1,1,0,0,0,0,0,0,0,0,0,0,0,0,0,0,0,0,0,0,0,0,0,0,0,0,0,0,04:53.7
776,1,1,20231021,app00776,33,33,0,0,1,1,0,0,0,0,0,0,0,0,0,0,0,0,0,0,0,0,0,0,0,0,0,0,0,0,0,0,04:53.7
777,1,1,20231021,app00777,110,31,35,44,4,1,1,2,2,3,4,5,0,0,1,2,0,0,1,1,0,0,0,0,0.068,0.114,0,0.045,0,0.023,0,0,04:53.7
778,1,1,20231021,app00778,407,141,138,128,5,1,1,3,0,0,3,5,1,1,3,8,0,0,0,0,0,0,0,0,0,0.039,0.008,0.063,0,0,0,0,04:53.7
779,1,1,20231021,app00779,1,1,0,0,1,1,0,0,0,0,0,0,0,0,0,0,0,0,0,0,0,0,0,0,0,0,0,0,0,0,0,0,04:53.7
780,1,1,20231021,app00780,5,0,0,5,1,0,0,1,0,0,0,0,0,0,0,0,0,0,0,0,0,0,0,0,0,0,0,0,0,0,0,0,04:53.7
781,1,1,20231021,app00781,446,169,159,118,3,1,1,1,1,1,5,11,0,0,1,4,0,0,0,0,0,0,0,0,0.008,0.093,0,0.034,0,0,0,0,04:53.7
782,1,1,20231021,app00782,9,3,3,3,3,1,1,1,0,0,0,0,0,0,0,0,0,0,0,0,0,0,0,0,0,0,0,0,0,0,0,0,04:53.7
783,1,1,20231021,app00783,95,27,21,47,5,2,1,2,2,8,4,11,0,0,1,2,0,0,2,2,0,0,0,0,0.17,0.234,0,0.043,0,0.043,0,0,04:53.7
784,1,1,20231021,app00784,44,0,0,44,1,0,0,1,1,1,2,1,0,0,1,1,0,0,0,0,0,0,0,0,0.023,0.023,0,0.023,0,0,0,0,04:53.7
785,1,1,20231021,app00785,363,49,163,151,3,1,1,1,2,14,6,52,1,56,3,1,0,0,0,0,0,0,0,0,0.093,0.344,0.371,0.007,0,0,0,0,04:53.7
786,1,1,20231021,app00786,1,1,0,0,1,1,0,0,0,0,0,0,0,0,0,0,0,0,0,0,0,0,0,0,0,0,0,0,0,0,0,0,04:53.7
787,1,1,20231021,app00787,10210,3925,2832,3453,173,67,48,58,0,0,2,93,0,0,0,0,0,0,0,0,0,0,1,3,0,0.027,0,0,0,0,0,0.001,04:53.7
788,1,1,20231021,app00788,322,129,60,133,3,1,1,1,0,0,1,1,0,0,0,0,0,0,0,0,0,0,0,0,0,0.008,0,0,0,0,0,0,04:53.7
789,1,1,20231021,app00789,11,11,0,0,3,3,0,0,0,0,0,0,0,0,0,0,0,0,0,0,0,0,0,0,0,0,0,0,0,0,0,0,04:53.7
790,1,1,20231021,app00790,164,45,41,78,3,1,1,1,1,1,2,3,0,0,1,3,0,0,0,0,0,0,0,0,0.013,0.038,0,0.038,0,0,0,0,04:53.7
791,1,1,20231021,app00791,273,81,85,107,5,2,2,1,1,1,2,2,0,0,1,2,0,0,0,0,0,0,0,0,0.009,0.019,0,0.019,0,0,0,0,04:53.7
792,1,1,20231021,app00792,1,1,0,0,1,1,0,0,0,0,0,0,0,0,0,0,0,0,0,0,0,0,0,0,0,0,0,0,0,0,0,0,04:53.7
793,1,1,20231021,app00793,7,7,0,0,1,1,0,0,0,0,0,0,0,0,0,0,0,0,0,0,0,0,0,0,0,0,0,0,0,0,0,0,04:53.7
794,1,1,20231021,app00794,39,39,0,0,1,1,0,0,0,0,0,0,0,0,0,0,0,0,0,0,0,0,0,0,0,0,0,0,0,0,0,0,04:53.7
795,1,1,20231021,app00795,135,36,45,54,5,1,1,3,1,1,2,6,0,0,2,4,0,0,0,0,0,0,0,0,0.019,0.111,0,0.074,0,0,0,0,04:53.7
796,1,1,20231021,app00796,176,51,49,76,5,1,1,3,1,1,5,14,0,0,1,8,0,0,1,1,0,0,0,0,0.013,0.184,0,0.105,0,0.013,0,0,04:53.7
797,1,1,20231021,app00797,107,52,55,0,3,2,1,0,0,0,0,0,0,0,0,0,0,0,0,0,0,0,0,0,0,0,0,0,0,0,0,0,04:53.7
798,1,1,20231021,app00798,1945,520,604,821,4,1,1,2,0,0,4,7,2,3,1,1,0,0,1,4,0,0,1,20,0,0.009,0.004,0.001,0,0.005,0,0.024,04:53.7
799,1,1,20231021,app00799,143,50,25,68,3,1,1,1,1,1,1,1,0,0,0,0,0,0,0,0,0,0,0,0,0.015,0.015,0,0,0,0,0,0,04:53.7
800,1,1,20231021,app00800,49,10,4,35,6,3,1,2,0,0,2,11,0,0,1,8,0,0,0,0,0,0,0,0,0,0.314,0,0.229,0,0,0,0,04:53.7
801,1,1,20231021,app00801,1152,379,380,393,3,1,1,1,0,0,2,5,1,2,1,1,0,0,0,0,0,0,0,0,0,0.013,0.005,0.003,0,0,0,0,04:53.7
802,1,1,20231021,app00802,2,2,0,0,1,1,0,0,0,0,0,0,0,0,0,0,0,0,0,0,0,0,0,0,0,0,0,0,0,0,0,0,04:53.7
803,1,1,20231021,app00803,3,3,0,0,1,1,0,0,0,0,0,0,0,0,0,0,0,0,0,0,0,0,0,0,0,0,0,0,0,0,0,0,04:53.7
804,1,1,20231021,app00804,116,40,35,41,3,1,1,1,0,0,3,4,0,0,4,4,0,0,0,0,0,0,0,0,0,0.098,0,0.098,0,0,0,0,04:53.7
805,1,1,20231021,app00805,301,65,108,128,3,1,1,1,2,2,0,0,0,0,0,0,0,0,0,0,0,0,0,0,0.016,0,0,0,0,0,0,0,04:53.7
806,1,1,20231021,app00806,13,8,0,5,2,1,0,1,0,0,1,3,0,0,0,0,0,0,0,0,0,0,0,0,0,0.6,0,0,0,0,0,0,04:53.7
807,1,1,20231021,app00807,217,67,68,82,3,1,1,1,0,0,4,3,1,2,3,8,0,0,0,0,0,0,0,0,0,0.037,0.024,0.098,0,0,0,0,04:53.7
808,1,1,20231021,app00808,191,67,39,85,3,1,1,1,1,1,3,4,0,0,1,2,0,0,1,1,0,0,0,0,0.012,0.047,0,0.024,0,0.012,0,0,04:53.7
809,1,1,20231021,app00809,101,25,25,51,3,1,1,1,1,1,2,3,0,0,1,2,0,0,1,1,0,0,0,0,0.02,0.059,0,0.039,0,0.02,0,0,04:53.7
810,1,1,20231021,app00810,161,44,33,84,3,1,1,1,1,1,3,4,0,0,1,2,0,0,1,1,0,0,0,0,0.012,0.048,0,0.024,0,0.012,0,0,04:53.7
811,1,1,20231021,app00811,3,1,1,1,3,1,1,1,0,0,0,0,0,0,0,0,0,0,0,0,0,0,0,0,0,0,0,0,0,0,0,0,04:53.7
812,1,1,20231021,app00812,44,16,14,14,3,1,1,1,2,2,4,3,0,0,1,1,0,0,0,0,0,0,0,0,0.143,0.214,0,0.071,0,0,0,0,04:53.7
813,1,1,20231021,app00813,6,2,0,4,2,1,0,1,0,0,1,2,0,0,1,2,0,0,1,1,0,0,0,0,0,0.5,0,0.5,0,0.25,0,0,04:53.7
814,1,1,20231021,app00814,46,31,0,15,2,1,0,1,1,1,2,3,0,0,1,2,0,0,0,0,0,0,0,0,0.067,0.2,0,0.133,0,0,0,0,04:53.7
815,1,1,20231021,app00815,804,409,62,333,17,6,4,7,0,0,3,20,0,0,1,5,0,0,0,0,0,0,0,0,0,0.06,0,0.015,0,0,0,0,04:53.7
816,1,1,20231021,app00816,136,19,13,104,3,1,1,1,0,0,3,3,0,0,1,1,0,0,0,0,0,0,0,0,0,0.029,0,0.01,0,0,0,0,04:53.7
817,1,1,20231021,app00817,628,279,183,166,3,1,1,1,2,2,6,10,0,0,1,3,0,0,0,0,0,0,0,0,0.012,0.06,0,0.018,0,0,0,0,04:53.7
818,1,1,20231021,app00818,20,13,7,0,2,1,1,0,0,0,0,0,0,0,0,0,0,0,0,0,0,0,0,0,0,0,0,0,0,0,0,0,04:53.7
819,1,1,20231021,app00819,4,4,0,0,1,1,0,0,0,0,0,0,0,0,0,0,0,0,0,0,0,0,0,0,0,0,0,0,0,0,0,0,04:53.7
820,1,1,20231021,app00820,620,225,172,223,175,69,48,58,0,0,3,26,0,0,0,0,0,0,0,0,0,0,0,0,0,0.117,0,0,0,0,0,0,04:53.7
821,1,1,20231021,app00821,9,9,0,0,1,1,0,0,0,0,0,0,0,0,0,0,0,0,0,0,0,0,0,0,0,0,0,0,0,0,0,0,04:53.7
822,1,1,20231021,app00822,416,192,124,100,4,2,1,1,3,4,4,6,0,0,3,5,0,0,0,0,0,0,0,0,0.04,0.06,0,0.05,0,0,0,0,04:53.7
823,1,1,20231021,app00823,62,18,18,26,5,1,1,3,0,0,1,1,0,0,2,2,0,0,0,0,0,0,0,0,0,0.038,0,0.077,0,0,0,0,04:53.7
824,1,1,20231021,app00824,89,62,27,0,2,1,1,0,0,0,0,0,0,0,0,0,0,0,0,0,0,0,0,0,0,0,0,0,0,0,0,0,04:53.7
825,1,1,20231021,app00825,69,27,38,4,3,1,1,1,0,0,0,0,0,0,0,0,0,0,0,0,0,0,0,0,0,0,0,0,0,0,0,0,04:53.7
826,1,1,20231021,app00826,9,9,0,0,1,1,0,0,0,0,0,0,0,0,0,0,0,0,0,0,0,0,0,0,0,0,0,0,0,0,0,0,04:53.7
827,1,1,20231021,app00827,107,65,42,0,2,1,1,0,0,0,0,0,0,0,0,0,0,0,0,0,0,0,0,0,0,0,0,0,0,0,0,0,04:53.7
828,1,1,20231021,app00828,15,5,5,5,3,1,1,1,1,1,1,1,0,0,0,0,0,0,0,0,0,0,0,0,0.2,0.2,0,0,0,0,0,0,04:53.7
829,1,1,20231021,app00829,22,22,0,0,1,1,0,0,0,0,0,0,0,0,0,0,0,0,0,0,0,0,0,0,0,0,0,0,0,0,0,0,04:53.7
830,1,1,20231021,app00830,339,107,114,118,3,1,1,1,0,0,3,7,0,0,3,10,0,0,0,0,0,0,0,0,0,0.059,0,0.085,0,0,0,0,04:53.7
831,1,1,20231021,app00831,81,49,32,0,2,1,1,0,0,0,0,0,0,0,0,0,0,0,0,0,0,0,0,0,0,0,0,0,0,0,0,0,04:53.7
832,1,1,20231021,app00832,1,1,0,0,1,1,0,0,0,0,0,0,0,0,0,0,0,0,0,0,0,0,0,0,0,0,0,0,0,0,0,0,04:53.7
833,1,1,20231021,app00833,15,0,0,15,1,0,0,1,0,0,1,2,0,0,1,2,0,0,0,0,0,0,0,0,0,0.133,0,0.133,0,0,0,0,04:53.7
834,1,1,20231021,app00834,201,56,56,89,5,1,1,3,1,1,2,3,0,0,2,4,0,0,0,0,0,0,0,0,0.011,0.034,0,0.045,0,0,0,0,04:53.7
835,1,1,20231021,app00835,256,109,65,82,5,1,1,3,0,0,1,1,0,0,2,2,0,0,0,0,0,0,0,0,0,0.012,0,0.024,0,0,0,0,04:53.7
836,1,1,20231021,app00836,75,24,24,27,3,1,1,1,0,0,3,7,0,0,3,8,0,0,0,0,0,0,0,0,0,0.259,0,0.296,0,0,0,0,04:53.7
837,1,1,20231021,app00837,580,189,164,227,4,2,1,1,1,1,2,8,0,0,1,6,0,0,1,1,0,0,0,0,0.004,0.035,0,0.026,0,0.004,0,0,04:53.7
838,1,1,20231021,app00838,199,0,0,199,2,0,0,2,0,0,3,5,0,0,2,4,0,0,0,0,0,0,0,0,0,0.025,0,0.02,0,0,0,0,04:53.7
840,1,1,20231021,app00840,1,0,0,1,1,0,0,1,0,0,0,0,0,0,0,0,0,0,0,0,0,0,0,0,0,0,0,0,0,0,0,0,04:53.7
841,1,1,20231021,app00841,2,0,0,2,1,0,0,1,0,0,0,0,0,0,0,0,0,0,0,0,0,0,0,0,0,0,0,0,0,0,0,0,04:53.7
842,1,1,20231021,app00842,1,1,0,0,1,1,0,0,0,0,0,0,0,0,0,0,0,0,0,0,0,0,0,0,0,0,0,0,0,0,0,0,04:53.7
843,1,1,20231021,app00843,2618,999,917,702,5,2,1,2,1,3,4,8,0,0,1,4,0,0,1,15,0,0,0,0,0.004,0.011,0,0.006,0,0.021,0,0,04:53.7
844,1,1,20231021,app00844,102,40,24,38,5,2,1,2,0,0,3,7,0,0,0,0,0,0,0,0,0,0,0,0,0,0.184,0,0,0,0,0,0,04:53.7
845,1,1,20231021,app00845,197,81,43,73,5,1,2,2,1,1,4,4,0,0,1,2,0,0,1,1,0,0,0,0,0.014,0.055,0,0.027,0,0.014,0,0,04:53.7
846,1,1,20231021,app00846,4,4,0,0,1,1,0,0,0,0,0,0,0,0,0,0,0,0,0,0,0,0,0,0,0,0,0,0,0,0,0,0,04:53.7
847,1,1,20231021,app00847,29,11,9,9,3,1,1,1,0,0,1,1,0,0,1,1,0,0,0,0,0,0,0,0,0,0.111,0,0.111,0,0,0,0,04:53.7
848,1,1,20231021,app00848,10,10,0,0,2,2,0,0,0,0,0,0,0,0,0,0,0,0,0,0,0,0,0,0,0,0,0,0,0,0,0,0,04:53.7
849,1,1,20231021,app00849,28,11,7,10,3,1,1,1,1,1,1,1,0,0,0,0,0,0,0,0,0,0,0,0,0.1,0.1,0,0,0,0,0,0,04:53.7
850,1,1,20231021,app00850,9,3,0,6,2,1,0,1,0,0,0,0,0,0,0,0,0,0,0,0,0,0,0,0,0,0,0,0,0,0,0,0,04:53.7
851,1,1,20231021,app00851,105,50,52,3,3,1,1,1,1,2,1,2,0,0,0,0,0,0,0,0,0,0,0,0,0.667,0.667,0,0,0,0,0,0,04:53.7
852,1,1,20231021,app00852,163,61,40,62,3,1,1,1,1,1,3,6,0,0,1,3,0,0,1,1,0,0,0,0,0.016,0.097,0,0.048,0,0.016,0,0,04:53.7
853,1,1,20231021,app00853,48,20,20,8,3,1,1,1,0,0,1,2,0,0,1,2,0,0,0,0,0,0,0,0,0,0.25,0,0.25,0,0,0,0,04:53.7
854,1,1,20231021,app00854,237,90,97,50,3,1,1,1,0,0,0,0,0,0,0,0,0,0,0,0,0,0,0,0,0,0,0,0,0,0,0,0,04:53.7
855,1,1,20231021,app00855,205,45,0,160,2,1,0,1,1,3,8,30,0,0,2,6,0,0,0,0,0,0,0,0,0.019,0.188,0,0.038,0,0,0,0,04:53.7
856,1,1,20231021,app00856,25,9,9,7,3,1,1,1,1,1,3,3,0,0,1,1,0,0,0,0,0,0,0,0,0.143,0.429,0,0.143,0,0,0,0,04:53.7
857,1,1,20231021,app00857,289,103,80,106,3,1,1,1,1,1,4,6,0,0,1,3,0,0,1,1,0,0,0,0,0.009,0.057,0,0.028,0,0.009,0,0,04:53.7
858,1,1,20231021,app00858,1217,320,300,597,4,1,1,2,0,0,5,19,1,1,4,17,0,0,1,5,0,0,0,0,0,0.032,0.002,0.028,0,0.008,0,0,04:53.7
859,1,1,20231021,app00859,178,49,41,88,8,2,2,4,2,2,4,5,0,0,1,4,0,0,1,1,0,0,0,0,0.023,0.057,0,0.045,0,0.011,0,0,04:53.7
860,1,1,20231021,app00860,30,15,0,15,2,1,0,1,0,0,2,2,0,0,0,0,0,0,0,0,0,0,0,0,0,0.133,0,0,0,0,0,0,04:53.7
861,1,1,20231021,app00861,274,150,51,73,3,1,1,1,0,0,1,4,0,0,2,5,0,0,0,0,0,0,0,0,0,0.055,0,0.068,0,0,0,0,04:53.7
862,1,1,20231021,app00862,32,0,0,32,15,0,0,15,0,0,1,1,0,0,0,0,0,0,0,0,0,0,1,1,0,0.031,0,0,0,0,0,0.031,04:53.7
863,1,1,20231021,app00863,45,45,0,0,1,1,0,0,0,0,0,0,0,0,0,0,0,0,0,0,0,0,0,0,0,0,0,0,0,0,0,0,04:53.7
864,1,1,20231021,app00864,6,0,0,6,1,0,0,1,0,0,1,2,0,0,0,0,0,0,0,0,0,0,0,0,0,0.333,0,0,0,0,0,0,04:53.7
865,1,1,20231021,app00865,605,252,217,136,52,19,17,16,1,9,3,28,0,0,1,1,0,0,0,0,0,0,0,0,0.066,0.206,0,0.007,0,0,0,0,04:53.7
866,1,1,20231021,app00866,140,37,30,73,3,1,1,1,1,1,3,5,0,0,1,2,0,0,1,1,0,0,0,0,0.014,0.068,0,0.027,0,0.014,0,0,04:53.7
867,1,1,20231021,app00867,33,18,9,6,3,1,1,1,1,1,1,1,0,0,0,0,0,0,0,0,0,0,0,0,0.167,0.167,0,0,0,0,0,0,04:53.7
868,1,1,20231021,app00868,332,124,70,138,5,1,1,3,2,2,3,5,0,0,1,3,0,0,1,1,0,0,0,0,0.014,0.036,0,0.022,0,0.007,0,0,04:53.7
869,1,1,20231021,app00869,959,251,322,386,3,1,1,1,0,0,1,1,0,0,1,2,0,0,1,4,0,0,0,0,0,0.003,0,0.005,0,0.01,0,0,04:53.7
870,1,1,20231021,app00870,50,20,15,15,3,1,1,1,1,1,3,4,0,0,1,2,0,0,1,1,0,0,0,0,0.067,0.267,0,0.133,0,0.067,0,0,04:53.7
871,1,1,20231021,app00871,13,13,0,0,1,1,0,0,0,0,0,0,0,0,0,0,0,0,0,0,0,0,0,0,0,0,0,0,0,0,0,0,04:53.7
872,1,1,20231021,app00872,158,52,28,78,4,1,1,2,0,0,3,5,0,0,1,2,0,0,0,0,0,0,0,0,0,0.064,0,0.026,0,0,0,0,04:53.7
873,1,1,20231021,app00873,1,1,0,0,1,1,0,0,0,0,0,0,0,0,0,0,0,0,0,0,0,0,0,0,0,0,0,0,0,0,0,0,04:53.7
874,1,1,20231021,app00874,79,33,0,46,2,1,0,1,1,1,1,1,1,1,0,0,0,0,0,0,0,0,0,0,0.022,0.022,0.022,0,0,0,0,0,04:53.7
875,1,1,20231021,app00875,7,2,0,5,3,1,0,2,0,0,0,0,0,0,0,0,0,0,0,0,0,0,0,0,0,0,0,0,0,0,0,0,04:53.7
876,1,1,20231021,app00876,29,14,0,15,2,1,0,1,0,0,2,2,0,0,1,1,0,0,0,0,0,0,0,0,0,0.133,0,0.067,0,0,0,0,04:53.7
877,1,1,20231021,app00877,248,96,49,103,6,2,2,2,2,4,6,11,0,0,1,3,0,0,1,2,0,0,0,0,0.039,0.107,0,0.029,0,0.019,0,0,04:53.7
878,1,1,20231021,app00878,35,6,11,18,5,1,1,3,0,0,1,4,1,2,2,2,0,0,0,0,0,0,0,0,0,0.222,0.111,0.111,0,0,0,0,04:53.7
879,1,1,20231021,app00879,124,56,39,29,4,2,1,1,1,1,2,2,0,0,1,1,0,0,0,0,0,0,0,0,0.034,0.069,0,0.034,0,0,0,0,04:53.7
880,1,1,20231021,app00880,251,113,60,78,5,1,1,3,0,0,1,1,0,0,1,1,0,0,0,0,0,0,0,0,0,0.013,0,0.013,0,0,0,0,04:53.7
881,1,1,20231021,app00881,40,34,6,0,2,1,1,0,0,0,0,0,0,0,0,0,0,0,0,0,0,0,0,0,0,0,0,0,0,0,0,0,04:53.7
882,1,1,20231021,app00882,379,184,108,87,8,3,2,3,2,6,4,8,1,2,1,1,0,0,0,0,0,0,0,0,0.069,0.092,0.023,0.011,0,0,0,0,04:53.7
883,1,1,20231021,app00883,57,34,23,0,2,1,1,0,0,0,0,0,0,0,0,0,0,0,0,0,0,0,0,0,0,0,0,0,0,0,0,0,04:53.7
884,1,1,20231021,app00884,27,9,9,9,3,1,1,1,1,1,1,1,0,0,0,0,0,0,0,0,0,0,0,0,0.111,0.111,0,0,0,0,0,0,04:53.7
885,1,1,20231021,app00885,7,7,0,0,2,2,0,0,0,0,0,0,0,0,0,0,0,0,0,0,0,0,0,0,0,0,0,0,0,0,0,0,04:53.7
886,1,1,20231021,app00886,3,0,0,3,1,0,0,1,0,0,0,0,0,0,0,0,0,0,0,0,0,0,0,0,0,0,0,0,0,0,0,0,04:53.7
887,1,1,20231021,app00887,1148,380,357,411,150,55,44,51,0,0,3,128,1,1,3,108,0,0,0,0,0,0,0,0,0,0.311,0.002,0.263,0,0,0,0,04:53.7
888,1,1,20231021,app00888,64,21,22,21,3,1,1,1,1,1,1,1,0,0,0,0,0,0,0,0,0,0,0,0,0.048,0.048,0,0,0,0,0,0,04:53.7
889,1,1,20231021,app00889,180,47,67,66,4,1,1,2,0,0,3,7,2,2,2,3,0,0,0,0,0,0,0,0,0,0.106,0.03,0.045,0,0,0,0,04:53.7
890,1,1,20231021,app00890,206,88,42,76,5,1,1,3,0,0,3,4,0,0,2,4,0,0,0,0,0,0,0,0,0,0.053,0,0.053,0,0,0,0,04:53.7
891,1,1,20231021,app00891,207,61,70,76,3,1,1,1,0,0,2,5,0,0,2,5,0,0,0,0,0,0,0,0,0,0.066,0,0.066,0,0,0,0,04:53.7
892,1,1,20231021,app00892,29,7,7,15,3,1,1,1,0,0,0,0,0,0,0,0,0,0,0,0,0,0,0,0,0,0,0,0,0,0,0,0,04:53.7
893,1,1,20231021,app00893,12,4,4,4,3,1,1,1,0,0,1,1,0,0,1,1,0,0,0,0,0,0,0,0,0,0.25,0,0.25,0,0,0,0,04:53.7
894,1,1,20231021,app00894,40,11,0,29,2,1,0,1,0,0,2,3,0,0,1,2,0,0,0,0,0,0,0,0,0,0.103,0,0.069,0,0,0,0,04:53.7
895,1,1,20231021,app00895,1,0,1,0,1,0,1,0,0,0,0,0,0,0,0,0,0,0,0,0,0,0,0,0,0,0,0,0,0,0,0,0,04:53.7
896,1,1,20231021,app00896,442,180,147,115,5,1,1,3,2,3,3,15,0,0,1,2,0,0,0,0,0,0,0,0,0.026,0.13,0,0.017,0,0,0,0,04:53.7
897,1,1,20231021,app00897,124,35,36,53,5,1,1,3,1,1,3,8,1,1,1,2,0,0,0,0,0,0,0,0,0.019,0.151,0.019,0.038,0,0,0,0,04:53.7
898,1,1,20231021,app00898,95,22,41,32,3,1,1,1,0,0,1,1,0,0,1,1,0,0,0,0,0,0,0,0,0,0.031,0,0.031,0,0,0,0,04:53.7
899,1,1,20231021,app00899,9,9,0,0,1,1,0,0,0,0,0,0,0,0,0,0,0,0,0,0,0,0,0,0,0,0,0,0,0,0,0,0,04:53.7
900,1,1,20231021,app00900,2,2,0,0,1,1,0,0,0,0,0,0,0,0,0,0,0,0,0,0,0,0,0,0,0,0,0,0,0,0,0,0,04:53.7
901,1,1,20231021,app00901,2,1,1,0,2,1,1,0,0,0,0,0,0,0,0,0,0,0,0,0,0,0,0,0,0,0,0,0,0,0,0,0,04:53.7
902,1,1,20231021,app00902,175,55,55,65,5,1,1,3,0,0,1,1,1,1,1,1,0,0,0,0,0,0,1,1,0,0.015,0.015,0.015,0,0,0,0.015,04:53.7
903,1,1,20231021,app00903,382,76,109,197,6,2,1,3,0,0,2,4,1,2,3,5,0,0,1,2,0,0,0,0,0,0.02,0.01,0.025,0,0.01,0,0,04:53.7
904,1,1,20231021,app00904,27,9,9,9,3,1,1,1,1,1,1,1,0,0,0,0,0,0,0,0,0,0,0,0,0.111,0.111,0,0,0,0,0,0,04:53.7
905,1,1,20231021,app00905,6,1,1,4,3,1,1,1,1,1,4,4,0,0,1,2,0,0,0,0,0,0,0,0,0.25,1,0,0.5,0,0,0,0,04:53.7
906,1,1,20231021,app00906,6,6,0,0,1,1,0,0,0,0,0,0,0,0,0,0,0,0,0,0,0,0,0,0,0,0,0,0,0,0,0,0,04:53.7
907,1,1,20231021,app00907,151,63,37,51,3,1,1,1,1,1,1,1,0,0,1,1,0,0,0,0,0,0,0,0,0.02,0.02,0,0.02,0,0,0,0,04:53.7
908,1,1,20231021,app00908,11,5,4,2,4,2,1,1,0,0,0,0,0,0,0,0,0,0,0,0,0,0,0,0,0,0,0,0,0,0,0,0,04:53.7
909,1,1,20231021,app00909,219,71,54,94,5,2,2,1,1,1,2,2,0,0,1,1,0,0,0,0,0,0,0,0,0.011,0.021,0,0.011,0,0,0,0,04:53.7
910,1,1,20231021,app00910,6,1,3,2,3,1,1,1,0,0,0,0,0,0,0,0,0,0,0,0,0,0,0,0,0,0,0,0,0,0,0,0,04:53.7
911,1,1,20231021,app00911,9,3,3,3,3,1,1,1,0,0,0,0,0,0,0,0,0,0,0,0,0,0,0,0,0,0,0,0,0,0,0,0,04:53.7
912,1,1,20231021,app00912,11,4,0,7,2,1,0,1,0,0,0,0,0,0,0,0,0,0,0,0,0,0,0,0,0,0,0,0,0,0,0,0,04:53.7
913,1,1,20231021,app00913,12,2,0,10,2,1,0,1,0,0,0,0,0,0,0,0,0,0,0,0,0,0,0,0,0,0,0,0,0,0,0,0,04:53.7
914,1,1,20231021,app00914,8,4,4,0,2,1,1,0,0,0,0,0,0,0,0,0,0,0,0,0,0,0,0,0,0,0,0,0,0,0,0,0,04:53.7
